,Date,Symbol,close_price,medrv
0,01/03/2022,1Mo,0.05,0
1,01/04/2022,1Mo,0.06,0
2,01/05/2022,1Mo,0.05,0
3,01/06/2022,1Mo,0.04,0
4,01/07/2022,1Mo,0.05,0
5,01/10/2022,1Mo,0.05,0
6,01/11/2022,1Mo,0.04,0
7,01/12/2022,1Mo,0.04,0
8,01/13/2022,1Mo,0.05,0
9,01/14/2022,1Mo,0.05,0
10,01/18/2022,1Mo,0.05,0
11,01/19/2022,1Mo,0.05,0
12,01/20/2022,1Mo,0.05,0
13,01/21/2022,1Mo,0.05,0
14,01/24/2022,1Mo,0.05,0
15,01/25/2022,1Mo,0.05,0
16,01/26/2022,1Mo,0.06,0
17,01/27/2022,1Mo,0.04,0
18,01/28/2022,1Mo,0.04,0
19,01/31/2022,1Mo,0.03,0
20,02/01/2022,1Mo,0.04,0
21,02/02/2022,1Mo,0.04,0
22,02/03/2022,1Mo,0.03,0
23,02/04/2022,1Mo,0.05,0
24,02/07/2022,1Mo,0.03,0
25,02/08/2022,1Mo,0.03,0
26,02/09/2022,1Mo,0.04,0
27,02/10/2022,1Mo,0.05,0
28,02/11/2022,1Mo,0.03,0
29,02/14/2022,1Mo,0.03,0
30,02/15/2022,1Mo,0.02,0
31,02/16/2022,1Mo,0.03,0
32,02/17/2022,1Mo,0.06,0
33,02/18/2022,1Mo,0.03,0
34,02/22/2022,1Mo,0.03,0
35,02/23/2022,1Mo,0.02,0
36,02/24/2022,1Mo,0.05,0
37,02/25/2022,1Mo,0.03,0
38,02/28/2022,1Mo,0.06,0
39,03/01/2022,1Mo,0.11,0
40,03/02/2022,1Mo,0.13,0
41,03/03/2022,1Mo,0.19,0
42,03/04/2022,1Mo,0.15,0
43,03/07/2022,1Mo,0.17,0
44,03/08/2022,1Mo,0.16,0
45,03/09/2022,1Mo,0.18,0
46,03/10/2022,1Mo,0.19,0
47,03/11/2022,1Mo,0.17,0
48,03/14/2022,1Mo,0.23,0
49,03/15/2022,1Mo,0.22,0
50,03/16/2022,1Mo,0.24,0
51,03/17/2022,1Mo,0.2,0
52,03/18/2022,1Mo,0.19,0
53,03/21/2022,1Mo,0.22,0
54,03/22/2022,1Mo,0.2,0
55,03/23/2022,1Mo,0.15,0
56,03/24/2022,1Mo,0.16,0
57,03/25/2022,1Mo,0.17,0
58,03/28/2022,1Mo,0.19,0
59,03/29/2022,1Mo,0.18,0
60,03/30/2022,1Mo,0.16,0
61,03/31/2022,1Mo,0.17,0
62,04/01/2022,1Mo,0.15,0
63,04/04/2022,1Mo,0.18,0
64,04/05/2022,1Mo,0.18,0
65,04/06/2022,1Mo,0.21,0
66,04/07/2022,1Mo,0.21,0
67,04/08/2022,1Mo,0.2,0
68,04/11/2022,1Mo,0.22,0
69,04/12/2022,1Mo,0.21,0
70,04/13/2022,1Mo,0.26,0
71,04/14/2022,1Mo,0.37,0
72,04/18/2022,1Mo,0.38,0
73,04/19/2022,1Mo,0.37,0
74,04/20/2022,1Mo,0.35,0
75,04/21/2022,1Mo,0.5,0
76,04/22/2022,1Mo,0.46,0
77,04/25/2022,1Mo,0.4,0
78,04/26/2022,1Mo,0.38,0
79,04/27/2022,1Mo,0.37,0
80,04/28/2022,1Mo,0.37,0
81,04/29/2022,1Mo,0.37,0
82,05/02/2022,1Mo,0.41,0
83,05/03/2022,1Mo,0.48,0
84,05/04/2022,1Mo,0.49,0
85,05/05/2022,1Mo,0.49,0
86,05/06/2022,1Mo,0.48,0
87,05/09/2022,1Mo,0.51,0
88,05/10/2022,1Mo,0.57,0
89,05/11/2022,1Mo,0.59,0
90,05/12/2022,1Mo,0.61,0
91,05/13/2022,1Mo,0.67,0
92,05/16/2022,1Mo,0.64,0
93,05/17/2022,1Mo,0.61,0
94,05/18/2022,1Mo,0.56,0
95,05/19/2022,1Mo,0.65,0
96,05/20/2022,1Mo,0.63,0
97,05/23/2022,1Mo,0.55,0
98,05/24/2022,1Mo,0.55,0
99,05/25/2022,1Mo,0.58,0
100,05/26/2022,1Mo,0.71,0
101,05/27/2022,1Mo,0.69,0
102,05/31/2022,1Mo,0.73,0
103,06/01/2022,1Mo,0.77,0
104,06/02/2022,1Mo,0.85,0
105,06/03/2022,1Mo,0.87,0
106,06/06/2022,1Mo,0.88,0
107,06/07/2022,1Mo,0.87,0
108,06/08/2022,1Mo,0.89,0
109,06/09/2022,1Mo,1.05,0
110,06/10/2022,1Mo,1.1,0
111,06/13/2022,1Mo,1.13,0
112,06/14/2022,1Mo,1.19,0
113,06/15/2022,1Mo,1.21,0
114,06/16/2022,1Mo,1.19,0
115,06/17/2022,1Mo,1.15,0
116,06/21/2022,1Mo,1.08,0
117,06/22/2022,1Mo,0.98,0
118,06/23/2022,1Mo,1.12,0
119,06/24/2022,1Mo,1.19,0
120,06/27/2022,1Mo,1.16,0
121,06/28/2022,1Mo,1.12,0
122,06/29/2022,1Mo,1.12,0
123,06/30/2022,1Mo,1.28,0
124,07/01/2022,1Mo,1.27,0
125,07/05/2022,1Mo,1.33,0
126,07/06/2022,1Mo,1.36,0
127,07/07/2022,1Mo,1.55,0
128,07/08/2022,1Mo,1.57,0
129,07/11/2022,1Mo,1.58,0
130,07/12/2022,1Mo,1.63,0
131,07/13/2022,1Mo,1.78,0
132,07/14/2022,1Mo,1.99,0
133,07/15/2022,1Mo,1.98,0
134,07/18/2022,1Mo,1.96,0
135,07/19/2022,1Mo,1.93,0
136,07/20/2022,1Mo,1.92,0
137,07/21/2022,1Mo,2.15,0
138,07/22/2022,1Mo,2.15,0
139,07/25/2022,1Mo,2.14,0
140,07/26/2022,1Mo,2.17,0
141,07/27/2022,1Mo,2.14,0
142,07/28/2022,1Mo,2.2,0
143,07/29/2022,1Mo,2.22,0
144,08/01/2022,1Mo,2.22,0
145,08/02/2022,1Mo,2.22,0
146,08/03/2022,1Mo,2.2,0
147,08/04/2022,1Mo,2.19,0
148,08/05/2022,1Mo,2.21,0
149,08/08/2022,1Mo,2.23,0
150,08/09/2022,1Mo,2.23,0
151,08/10/2022,1Mo,2.24,0
152,08/11/2022,1Mo,2.24,0
153,08/12/2022,1Mo,2.23,0
154,08/15/2022,1Mo,2.27,0
155,08/16/2022,1Mo,2.26,0
156,08/17/2022,1Mo,2.22,0
157,08/18/2022,1Mo,2.23,0
158,08/19/2022,1Mo,2.23,0
159,08/22/2022,1Mo,2.27,0
160,08/23/2022,1Mo,2.28,0
161,08/24/2022,1Mo,2.29,0
162,08/25/2022,1Mo,2.42,0
163,08/26/2022,1Mo,2.39,0
164,08/29/2022,1Mo,2.45,0
165,08/30/2022,1Mo,2.43,0
166,08/31/2022,1Mo,2.4,0
167,09/01/2022,1Mo,2.53,0
168,09/02/2022,1Mo,2.49,0
169,09/06/2022,1Mo,2.44,0
170,09/07/2022,1Mo,2.3,0
171,09/08/2022,1Mo,2.57,0
172,09/09/2022,1Mo,2.57,0
173,09/12/2022,1Mo,2.62,0
174,09/13/2022,1Mo,2.55,0
175,09/14/2022,1Mo,2.54,0
176,09/15/2022,1Mo,2.76,0
177,09/16/2022,1Mo,2.68,0
178,09/19/2022,1Mo,2.62,0
179,09/20/2022,1Mo,2.57,0
180,09/21/2022,1Mo,2.59,0
181,09/22/2022,1Mo,2.73,0
182,09/23/2022,1Mo,2.67,0
183,09/26/2022,1Mo,2.73,0
184,09/27/2022,1Mo,2.71,0
185,09/28/2022,1Mo,2.63,0
186,09/29/2022,1Mo,2.78,0
187,09/30/2022,1Mo,2.79,0
188,10/03/2022,1Mo,2.87,0
189,10/04/2022,1Mo,2.91,0
190,10/05/2022,1Mo,2.89,0
191,10/06/2022,1Mo,3.05,0
192,10/07/2022,1Mo,3.03,0
193,10/11/2022,1Mo,3.07,0
194,10/12/2022,1Mo,3.07,0
195,10/13/2022,1Mo,3.35,0
196,10/14/2022,1Mo,3.3,0
197,10/17/2022,1Mo,3.3,0
198,10/18/2022,1Mo,3.25,0
199,10/19/2022,1Mo,3.31,0
200,10/20/2022,1Mo,3.58,0
201,10/21/2022,1Mo,3.55,0
202,10/24/2022,1Mo,3.57,0
203,10/25/2022,1Mo,3.56,0
204,10/26/2022,1Mo,3.54,0
205,10/27/2022,1Mo,3.76,0
206,10/28/2022,1Mo,3.75,0
207,10/31/2022,1Mo,3.73,0
208,11/01/2022,1Mo,3.72,0
209,11/02/2022,1Mo,3.7,0
210,11/03/2022,1Mo,3.75,0
211,11/04/2022,1Mo,3.73,0
212,11/07/2022,1Mo,3.78,0
213,11/08/2022,1Mo,3.66,0
214,11/09/2022,1Mo,3.65,0
215,11/10/2022,1Mo,3.71,0
216,11/14/2022,1Mo,3.72,0
217,11/15/2022,1Mo,3.77,0
218,11/16/2022,1Mo,3.81,0
219,01/03/2022,2Mo,0.06,0
220,01/04/2022,2Mo,0.05,0
221,01/05/2022,2Mo,0.06,0
222,01/06/2022,2Mo,0.05,0
223,01/07/2022,2Mo,0.05,0
224,01/10/2022,2Mo,0.06,0
225,01/11/2022,2Mo,0.05,0
226,01/12/2022,2Mo,0.06,0
227,01/13/2022,2Mo,0.05,0
228,01/14/2022,2Mo,0.05,0
229,01/18/2022,2Mo,0.06,0
230,01/19/2022,2Mo,0.06,0
231,01/20/2022,2Mo,0.09,0
232,01/21/2022,2Mo,0.08,0
233,01/24/2022,2Mo,0.09,0
234,01/25/2022,2Mo,0.09,0
235,01/26/2022,2Mo,0.11,0
236,01/27/2022,2Mo,0.14,0
237,01/28/2022,2Mo,0.1,0
238,01/31/2022,2Mo,0.13,0
239,02/01/2022,2Mo,0.1,0
240,02/02/2022,2Mo,0.1,0
241,02/03/2022,2Mo,0.15,0
242,02/04/2022,2Mo,0.12,0
243,02/07/2022,2Mo,0.14,0
244,02/08/2022,2Mo,0.14,0
245,02/09/2022,2Mo,0.15,0
246,02/10/2022,2Mo,0.31,0
247,02/11/2022,2Mo,0.22,0
248,02/14/2022,2Mo,0.25,0
249,02/15/2022,2Mo,0.19,0
250,02/16/2022,2Mo,0.17,0
251,02/17/2022,2Mo,0.23,0
252,02/18/2022,2Mo,0.19,0
253,02/22/2022,2Mo,0.2,0
254,02/23/2022,2Mo,0.2,0
255,02/24/2022,2Mo,0.18,0
256,02/25/2022,2Mo,0.2,0
257,02/28/2022,2Mo,0.2,0
258,03/01/2022,2Mo,0.21,0
259,03/02/2022,2Mo,0.24,0
260,03/03/2022,2Mo,0.25,0
261,03/04/2022,2Mo,0.21,0
262,03/07/2022,2Mo,0.23,0
263,03/08/2022,2Mo,0.24,0
264,03/09/2022,2Mo,0.26,0
265,03/10/2022,2Mo,0.28,0
266,03/11/2022,2Mo,0.28,0
267,03/14/2022,2Mo,0.32,0
268,03/15/2022,2Mo,0.31,0
269,03/16/2022,2Mo,0.3,0
270,03/17/2022,2Mo,0.3,0
271,03/18/2022,2Mo,0.28,0
272,03/21/2022,2Mo,0.33,0
273,03/22/2022,2Mo,0.3,0
274,03/23/2022,2Mo,0.27,0
275,03/24/2022,2Mo,0.31,0
276,03/25/2022,2Mo,0.32,0
277,03/28/2022,2Mo,0.36,0
278,03/29/2022,2Mo,0.34,0
279,03/30/2022,2Mo,0.33,0
280,03/31/2022,2Mo,0.35,0
281,04/01/2022,2Mo,0.37,0
282,04/04/2022,2Mo,0.42,0
283,04/05/2022,2Mo,0.42,0
284,04/06/2022,2Mo,0.44,0
285,04/07/2022,2Mo,0.5,0
286,04/08/2022,2Mo,0.49,0
287,04/11/2022,2Mo,0.54,0
288,04/12/2022,2Mo,0.52,0
289,04/13/2022,2Mo,0.52,0
290,04/14/2022,2Mo,0.57,0
291,04/18/2022,2Mo,0.6,0
292,04/19/2022,2Mo,0.58,0
293,04/20/2022,2Mo,0.56,0
294,04/21/2022,2Mo,0.65,0
295,04/22/2022,2Mo,0.64,0
296,04/25/2022,2Mo,0.61,0
297,04/26/2022,2Mo,0.61,0
298,04/27/2022,2Mo,0.63,0
299,04/28/2022,2Mo,0.71,0
300,04/29/2022,2Mo,0.73,0
301,05/02/2022,2Mo,0.71,0
302,05/03/2022,2Mo,0.77,0
303,05/04/2022,2Mo,0.74,0
304,05/05/2022,2Mo,0.71,0
305,05/06/2022,2Mo,0.72,0
306,05/09/2022,2Mo,0.73,0
307,05/10/2022,2Mo,0.75,0
308,05/11/2022,2Mo,0.77,0
309,05/12/2022,2Mo,0.77,0
310,05/13/2022,2Mo,0.79,0
311,05/16/2022,2Mo,0.85,0
312,05/17/2022,2Mo,0.85,0
313,05/18/2022,2Mo,0.85,0
314,05/19/2022,2Mo,0.91,0
315,05/20/2022,2Mo,0.87,0
316,05/23/2022,2Mo,0.9,0
317,05/24/2022,2Mo,0.88,0
318,05/25/2022,2Mo,0.88,0
319,05/26/2022,2Mo,0.9,0
320,05/27/2022,2Mo,0.91,0
321,05/31/2022,2Mo,0.89,0
322,06/01/2022,2Mo,0.9,0
323,06/02/2022,2Mo,1.05,0
324,06/03/2022,2Mo,1.05,0
325,06/06/2022,2Mo,1.07,0
326,06/07/2022,2Mo,1.08,0
327,06/08/2022,2Mo,1.1,0
328,06/09/2022,2Mo,1.17,0
329,06/10/2022,2Mo,1.25,0
330,06/13/2022,2Mo,1.45,0
331,06/14/2022,2Mo,1.55,0
332,06/15/2022,2Mo,1.56,0
333,06/16/2022,2Mo,1.47,0
334,06/17/2022,2Mo,1.5,0
335,06/21/2022,2Mo,1.48,0
336,06/22/2022,2Mo,1.42,0
337,06/23/2022,2Mo,1.54,0
338,06/24/2022,2Mo,1.6,0
339,06/27/2022,2Mo,1.57,0
340,06/28/2022,2Mo,1.59,0
341,06/29/2022,2Mo,1.53,0
342,06/30/2022,2Mo,1.68,0
343,07/01/2022,2Mo,1.68,0
344,07/05/2022,2Mo,1.71,0
345,07/06/2022,2Mo,1.7,0
346,07/07/2022,2Mo,1.9,0
347,07/08/2022,2Mo,1.92,0
348,07/11/2022,2Mo,1.95,0
349,07/12/2022,2Mo,2.01,0
350,07/13/2022,2Mo,2.2,0
351,07/14/2022,2Mo,2.32,0
352,07/15/2022,2Mo,2.26,0
353,07/18/2022,2Mo,2.28,0
354,07/19/2022,2Mo,2.29,0
355,07/20/2022,2Mo,2.29,0
356,07/21/2022,2Mo,2.3,0
357,07/22/2022,2Mo,2.29,0
358,07/25/2022,2Mo,2.31,0
359,07/26/2022,2Mo,2.35,0
360,07/27/2022,2Mo,2.3,0
361,07/28/2022,2Mo,2.3,0
362,07/29/2022,2Mo,2.28,0
363,08/01/2022,2Mo,2.33,0
364,08/02/2022,2Mo,2.33,0
365,08/03/2022,2Mo,2.29,0
366,08/04/2022,2Mo,2.36,0
367,08/05/2022,2Mo,2.39,0
368,08/08/2022,2Mo,2.43,0
369,08/09/2022,2Mo,2.43,0
370,08/10/2022,2Mo,2.43,0
371,08/11/2022,2Mo,2.51,0
372,08/12/2022,2Mo,2.5,0
373,08/15/2022,2Mo,2.53,0
374,08/16/2022,2Mo,2.51,0
375,08/17/2022,2Mo,2.51,0
376,08/18/2022,2Mo,2.56,0
377,08/19/2022,2Mo,2.6,0
378,08/22/2022,2Mo,2.6,0
379,08/23/2022,2Mo,2.6,0
380,08/24/2022,2Mo,2.62,0
381,08/25/2022,2Mo,2.7,0
382,08/26/2022,2Mo,2.69,0
383,08/29/2022,2Mo,2.75,0
384,08/30/2022,2Mo,2.73,0
385,08/31/2022,2Mo,2.72,0
386,09/01/2022,2Mo,2.8,0
387,09/02/2022,2Mo,2.79,0
388,09/06/2022,2Mo,2.82,0
389,09/07/2022,2Mo,2.8,0
390,09/08/2022,2Mo,2.86,0
391,09/09/2022,2Mo,2.88,0
392,09/12/2022,2Mo,2.93,0
393,09/13/2022,2Mo,2.95,0
394,09/14/2022,2Mo,2.95,0
395,09/15/2022,2Mo,3.03,0
396,09/16/2022,2Mo,3.01,0
397,09/19/2022,2Mo,3.02,0
398,09/20/2022,2Mo,3.05,0
399,09/21/2022,2Mo,3.06,0
400,09/22/2022,2Mo,3.09,0
401,09/23/2022,2Mo,3.07,0
402,09/26/2022,2Mo,3.14,0
403,09/27/2022,2Mo,3.14,0
404,09/28/2022,2Mo,3.14,0
405,09/29/2022,2Mo,3.2,0
406,09/30/2022,2Mo,3.2,0
407,10/03/2022,2Mo,3.26,0
408,10/04/2022,2Mo,3.23,0
409,10/05/2022,2Mo,3.22,0
410,10/06/2022,2Mo,3.34,0
411,10/07/2022,2Mo,3.34,0
412,10/11/2022,2Mo,3.43,0
413,10/12/2022,2Mo,3.45,0
414,10/13/2022,2Mo,3.6,0
415,10/14/2022,2Mo,3.61,0
416,10/17/2022,2Mo,3.66,0
417,10/18/2022,2Mo,3.7,0
418,10/19/2022,2Mo,3.72,0
419,10/20/2022,2Mo,3.83,0
420,10/21/2022,2Mo,3.78,0
421,10/24/2022,2Mo,3.83,0
422,10/25/2022,2Mo,3.81,0
423,10/26/2022,2Mo,3.85,0
424,10/27/2022,2Mo,3.95,0
425,10/28/2022,2Mo,3.95,0
426,10/31/2022,2Mo,4.0,0
427,11/01/2022,2Mo,4.0,0
428,11/02/2022,2Mo,4.01,0
429,11/03/2022,2Mo,4.04,0
430,11/04/2022,2Mo,4.0,0
431,11/07/2022,2Mo,4.04,0
432,11/08/2022,2Mo,4.04,0
433,11/09/2022,2Mo,4.05,0
434,11/10/2022,2Mo,4.0,0
435,11/14/2022,2Mo,4.05,0
436,11/15/2022,2Mo,4.1,0
437,11/16/2022,2Mo,4.15,0
438,01/03/2022,3Mo,0.08,0
439,01/04/2022,3Mo,0.08,0
440,01/05/2022,3Mo,0.09,0
441,01/06/2022,3Mo,0.1,0
442,01/07/2022,3Mo,0.1,0
443,01/10/2022,3Mo,0.13,0
444,01/11/2022,3Mo,0.11,0
445,01/12/2022,3Mo,0.12,0
446,01/13/2022,3Mo,0.12,0
447,01/14/2022,3Mo,0.13,0
448,01/18/2022,3Mo,0.16,0
449,01/19/2022,3Mo,0.17,0
450,01/20/2022,3Mo,0.17,0
451,01/21/2022,3Mo,0.17,0
452,01/24/2022,3Mo,0.19,0
453,01/25/2022,3Mo,0.19,0
454,01/26/2022,3Mo,0.19,0
455,01/27/2022,3Mo,0.2,0
456,01/28/2022,3Mo,0.19,0
457,01/31/2022,3Mo,0.22,0
458,02/01/2022,3Mo,0.19,0
459,02/02/2022,3Mo,0.19,0
460,02/03/2022,3Mo,0.2,0
461,02/04/2022,3Mo,0.23,0
462,02/07/2022,3Mo,0.27,0
463,02/08/2022,3Mo,0.25,0
464,02/09/2022,3Mo,0.26,0
465,02/10/2022,3Mo,0.4,0
466,02/11/2022,3Mo,0.36,0
467,02/14/2022,3Mo,0.43,0
468,02/15/2022,3Mo,0.4,0
469,02/16/2022,3Mo,0.38,0
470,02/17/2022,3Mo,0.36,0
471,02/18/2022,3Mo,0.35,0
472,02/22/2022,3Mo,0.37,0
473,02/23/2022,3Mo,0.34,0
474,02/24/2022,3Mo,0.32,0
475,02/25/2022,3Mo,0.33,0
476,02/28/2022,3Mo,0.35,0
477,03/01/2022,3Mo,0.32,0
478,03/02/2022,3Mo,0.34,0
479,03/03/2022,3Mo,0.38,0
480,03/04/2022,3Mo,0.34,0
481,03/07/2022,3Mo,0.38,0
482,03/08/2022,3Mo,0.36,0
483,03/09/2022,3Mo,0.38,0
484,03/10/2022,3Mo,0.39,0
485,03/11/2022,3Mo,0.4,0
486,03/14/2022,3Mo,0.45,0
487,03/15/2022,3Mo,0.46,0
488,03/16/2022,3Mo,0.44,0
489,03/17/2022,3Mo,0.4,0
490,03/18/2022,3Mo,0.42,0
491,03/21/2022,3Mo,0.54,0
492,03/22/2022,3Mo,0.51,0
493,03/23/2022,3Mo,0.5,0
494,03/24/2022,3Mo,0.52,0
495,03/25/2022,3Mo,0.55,0
496,03/28/2022,3Mo,0.59,0
497,03/29/2022,3Mo,0.55,0
498,03/30/2022,3Mo,0.55,0
499,03/31/2022,3Mo,0.52,0
500,04/01/2022,3Mo,0.53,0
501,04/04/2022,3Mo,0.66,0
502,04/05/2022,3Mo,0.65,0
503,04/06/2022,3Mo,0.67,0
504,04/07/2022,3Mo,0.68,0
505,04/08/2022,3Mo,0.7,0
506,04/11/2022,3Mo,0.77,0
507,04/12/2022,3Mo,0.74,0
508,04/13/2022,3Mo,0.75,0
509,04/14/2022,3Mo,0.79,0
510,04/18/2022,3Mo,0.81,0
511,04/19/2022,3Mo,0.81,0
512,04/20/2022,3Mo,0.82,0
513,04/21/2022,3Mo,0.83,0
514,04/22/2022,3Mo,0.83,0
515,04/25/2022,3Mo,0.91,0
516,04/26/2022,3Mo,0.83,0
517,04/27/2022,3Mo,0.82,0
518,04/28/2022,3Mo,0.82,0
519,04/29/2022,3Mo,0.85,0
520,05/02/2022,3Mo,0.9,0
521,05/03/2022,3Mo,0.91,0
522,05/04/2022,3Mo,0.89,0
523,05/05/2022,3Mo,0.85,0
524,05/06/2022,3Mo,0.85,0
525,05/09/2022,3Mo,0.92,0
526,05/10/2022,3Mo,0.89,0
527,05/11/2022,3Mo,0.91,0
528,05/12/2022,3Mo,0.96,0
529,05/13/2022,3Mo,1.03,0
530,05/16/2022,3Mo,1.07,0
531,05/17/2022,3Mo,1.06,0
532,05/18/2022,3Mo,1.03,0
533,05/19/2022,3Mo,1.05,0
534,05/20/2022,3Mo,1.03,0
535,05/23/2022,3Mo,1.07,0
536,05/24/2022,3Mo,1.06,0
537,05/25/2022,3Mo,1.06,0
538,05/26/2022,3Mo,1.07,0
539,05/27/2022,3Mo,1.08,0
540,05/31/2022,3Mo,1.16,0
541,06/01/2022,3Mo,1.15,0
542,06/02/2022,3Mo,1.17,0
543,06/03/2022,3Mo,1.21,0
544,06/06/2022,3Mo,1.26,0
545,06/07/2022,3Mo,1.26,0
546,06/08/2022,3Mo,1.28,0
547,06/09/2022,3Mo,1.3,0
548,06/10/2022,3Mo,1.39,0
549,06/13/2022,3Mo,1.73,0
550,06/14/2022,3Mo,1.83,0
551,06/15/2022,3Mo,1.74,0
552,06/16/2022,3Mo,1.59,0
553,06/17/2022,3Mo,1.63,0
554,06/21/2022,3Mo,1.7,0
555,06/22/2022,3Mo,1.61,0
556,06/23/2022,3Mo,1.65,0
557,06/24/2022,3Mo,1.73,0
558,06/27/2022,3Mo,1.79,0
559,06/28/2022,3Mo,1.79,0
560,06/29/2022,3Mo,1.78,0
561,06/30/2022,3Mo,1.72,0
562,07/01/2022,3Mo,1.73,0
563,07/05/2022,3Mo,1.9,0
564,07/06/2022,3Mo,1.9,0
565,07/07/2022,3Mo,1.95,0
566,07/08/2022,3Mo,1.98,0
567,07/11/2022,3Mo,2.18,0
568,07/12/2022,3Mo,2.22,0
569,07/13/2022,3Mo,2.39,0
570,07/14/2022,3Mo,2.4,0
571,07/15/2022,3Mo,2.37,0
572,07/18/2022,3Mo,2.5,0
573,07/19/2022,3Mo,2.52,0
574,07/20/2022,3Mo,2.51,0
575,07/21/2022,3Mo,2.48,0
576,07/22/2022,3Mo,2.49,0
577,07/25/2022,3Mo,2.62,0
578,07/26/2022,3Mo,2.55,0
579,07/27/2022,3Mo,2.44,0
580,07/28/2022,3Mo,2.42,0
581,07/29/2022,3Mo,2.41,0
582,08/01/2022,3Mo,2.56,0
583,08/02/2022,3Mo,2.56,0
584,08/03/2022,3Mo,2.52,0
585,08/04/2022,3Mo,2.5,0
586,08/05/2022,3Mo,2.58,0
587,08/08/2022,3Mo,2.65,0
588,08/09/2022,3Mo,2.67,0
589,08/10/2022,3Mo,2.65,0
590,08/11/2022,3Mo,2.62,0
591,08/12/2022,3Mo,2.63,0
592,08/15/2022,3Mo,2.72,0
593,08/16/2022,3Mo,2.7,0
594,08/17/2022,3Mo,2.68,0
595,08/18/2022,3Mo,2.71,0
596,08/19/2022,3Mo,2.74,0
597,08/22/2022,3Mo,2.82,0
598,08/23/2022,3Mo,2.8,0
599,08/24/2022,3Mo,2.82,0
600,08/25/2022,3Mo,2.88,0
601,08/26/2022,3Mo,2.89,0
602,08/29/2022,3Mo,2.97,0
603,08/30/2022,3Mo,2.97,0
604,08/31/2022,3Mo,2.96,0
605,09/01/2022,3Mo,2.97,0
606,09/02/2022,3Mo,2.94,0
607,09/06/2022,3Mo,3.04,0
608,09/07/2022,3Mo,3.07,0
609,09/08/2022,3Mo,3.06,0
610,09/09/2022,3Mo,3.08,0
611,09/12/2022,3Mo,3.17,0
612,09/13/2022,3Mo,3.28,0
613,09/14/2022,3Mo,3.24,0
614,09/15/2022,3Mo,3.22,0
615,09/16/2022,3Mo,3.2,0
616,09/19/2022,3Mo,3.37,0
617,09/20/2022,3Mo,3.35,0
618,09/21/2022,3Mo,3.31,0
619,09/22/2022,3Mo,3.29,0
620,09/23/2022,3Mo,3.24,0
621,09/26/2022,3Mo,3.39,0
622,09/27/2022,3Mo,3.35,0
623,09/28/2022,3Mo,3.4,0
624,09/29/2022,3Mo,3.36,0
625,09/30/2022,3Mo,3.33,0
626,10/03/2022,3Mo,3.46,0
627,10/04/2022,3Mo,3.45,0
628,10/05/2022,3Mo,3.46,0
629,10/06/2022,3Mo,3.46,0
630,10/07/2022,3Mo,3.45,0
631,10/11/2022,3Mo,3.67,0
632,10/12/2022,3Mo,3.7,0
633,10/13/2022,3Mo,3.79,0
634,10/14/2022,3Mo,3.81,0
635,10/17/2022,3Mo,3.97,0
636,10/18/2022,3Mo,4.04,0
637,10/19/2022,3Mo,4.07,0
638,10/20/2022,3Mo,4.09,0
639,10/21/2022,3Mo,4.09,0
640,10/24/2022,3Mo,4.16,0
641,10/25/2022,3Mo,4.14,0
642,10/26/2022,3Mo,4.11,0
643,10/27/2022,3Mo,4.13,0
644,10/28/2022,3Mo,4.18,0
645,10/31/2022,3Mo,4.22,0
646,11/01/2022,3Mo,4.23,0
647,11/02/2022,3Mo,4.22,0
648,11/03/2022,3Mo,4.25,0
649,11/04/2022,3Mo,4.21,0
650,11/07/2022,3Mo,4.29,0
651,11/08/2022,3Mo,4.28,0
652,11/09/2022,3Mo,4.29,0
653,11/10/2022,3Mo,4.28,0
654,11/14/2022,3Mo,4.34,0
655,11/15/2022,3Mo,4.31,0
656,11/16/2022,3Mo,4.32,0
657,01/03/2022,4Mo,,0
658,01/04/2022,4Mo,,0
659,01/05/2022,4Mo,,0
660,01/06/2022,4Mo,,0
661,01/07/2022,4Mo,,0
662,01/10/2022,4Mo,,0
663,01/11/2022,4Mo,,0
664,01/12/2022,4Mo,,0
665,01/13/2022,4Mo,,0
666,01/14/2022,4Mo,,0
667,01/18/2022,4Mo,,0
668,01/19/2022,4Mo,,0
669,01/20/2022,4Mo,,0
670,01/21/2022,4Mo,,0
671,01/24/2022,4Mo,,0
672,01/25/2022,4Mo,,0
673,01/26/2022,4Mo,,0
674,01/27/2022,4Mo,,0
675,01/28/2022,4Mo,,0
676,01/31/2022,4Mo,,0
677,02/01/2022,4Mo,,0
678,02/02/2022,4Mo,,0
679,02/03/2022,4Mo,,0
680,02/04/2022,4Mo,,0
681,02/07/2022,4Mo,,0
682,02/08/2022,4Mo,,0
683,02/09/2022,4Mo,,0
684,02/10/2022,4Mo,,0
685,02/11/2022,4Mo,,0
686,02/14/2022,4Mo,,0
687,02/15/2022,4Mo,,0
688,02/16/2022,4Mo,,0
689,02/17/2022,4Mo,,0
690,02/18/2022,4Mo,,0
691,02/22/2022,4Mo,,0
692,02/23/2022,4Mo,,0
693,02/24/2022,4Mo,,0
694,02/25/2022,4Mo,,0
695,02/28/2022,4Mo,,0
696,03/01/2022,4Mo,,0
697,03/02/2022,4Mo,,0
698,03/03/2022,4Mo,,0
699,03/04/2022,4Mo,,0
700,03/07/2022,4Mo,,0
701,03/08/2022,4Mo,,0
702,03/09/2022,4Mo,,0
703,03/10/2022,4Mo,,0
704,03/11/2022,4Mo,,0
705,03/14/2022,4Mo,,0
706,03/15/2022,4Mo,,0
707,03/16/2022,4Mo,,0
708,03/17/2022,4Mo,,0
709,03/18/2022,4Mo,,0
710,03/21/2022,4Mo,,0
711,03/22/2022,4Mo,,0
712,03/23/2022,4Mo,,0
713,03/24/2022,4Mo,,0
714,03/25/2022,4Mo,,0
715,03/28/2022,4Mo,,0
716,03/29/2022,4Mo,,0
717,03/30/2022,4Mo,,0
718,03/31/2022,4Mo,,0
719,04/01/2022,4Mo,,0
720,04/04/2022,4Mo,,0
721,04/05/2022,4Mo,,0
722,04/06/2022,4Mo,,0
723,04/07/2022,4Mo,,0
724,04/08/2022,4Mo,,0
725,04/11/2022,4Mo,,0
726,04/12/2022,4Mo,,0
727,04/13/2022,4Mo,,0
728,04/14/2022,4Mo,,0
729,04/18/2022,4Mo,,0
730,04/19/2022,4Mo,,0
731,04/20/2022,4Mo,,0
732,04/21/2022,4Mo,,0
733,04/22/2022,4Mo,,0
734,04/25/2022,4Mo,,0
735,04/26/2022,4Mo,,0
736,04/27/2022,4Mo,,0
737,04/28/2022,4Mo,,0
738,04/29/2022,4Mo,,0
739,05/02/2022,4Mo,,0
740,05/03/2022,4Mo,,0
741,05/04/2022,4Mo,,0
742,05/05/2022,4Mo,,0
743,05/06/2022,4Mo,,0
744,05/09/2022,4Mo,,0
745,05/10/2022,4Mo,,0
746,05/11/2022,4Mo,,0
747,05/12/2022,4Mo,,0
748,05/13/2022,4Mo,,0
749,05/16/2022,4Mo,,0
750,05/17/2022,4Mo,,0
751,05/18/2022,4Mo,,0
752,05/19/2022,4Mo,,0
753,05/20/2022,4Mo,,0
754,05/23/2022,4Mo,,0
755,05/24/2022,4Mo,,0
756,05/25/2022,4Mo,,0
757,05/26/2022,4Mo,,0
758,05/27/2022,4Mo,,0
759,05/31/2022,4Mo,,0
760,06/01/2022,4Mo,,0
761,06/02/2022,4Mo,,0
762,06/03/2022,4Mo,,0
763,06/06/2022,4Mo,,0
764,06/07/2022,4Mo,,0
765,06/08/2022,4Mo,,0
766,06/09/2022,4Mo,,0
767,06/10/2022,4Mo,,0
768,06/13/2022,4Mo,,0
769,06/14/2022,4Mo,,0
770,06/15/2022,4Mo,,0
771,06/16/2022,4Mo,,0
772,06/17/2022,4Mo,,0
773,06/21/2022,4Mo,,0
774,06/22/2022,4Mo,,0
775,06/23/2022,4Mo,,0
776,06/24/2022,4Mo,,0
777,06/27/2022,4Mo,,0
778,06/28/2022,4Mo,,0
779,06/29/2022,4Mo,,0
780,06/30/2022,4Mo,,0
781,07/01/2022,4Mo,,0
782,07/05/2022,4Mo,,0
783,07/06/2022,4Mo,,0
784,07/07/2022,4Mo,,0
785,07/08/2022,4Mo,,0
786,07/11/2022,4Mo,,0
787,07/12/2022,4Mo,,0
788,07/13/2022,4Mo,,0
789,07/14/2022,4Mo,,0
790,07/15/2022,4Mo,,0
791,07/18/2022,4Mo,,0
792,07/19/2022,4Mo,,0
793,07/20/2022,4Mo,,0
794,07/21/2022,4Mo,,0
795,07/22/2022,4Mo,,0
796,07/25/2022,4Mo,,0
797,07/26/2022,4Mo,,0
798,07/27/2022,4Mo,,0
799,07/28/2022,4Mo,,0
800,07/29/2022,4Mo,,0
801,08/01/2022,4Mo,,0
802,08/02/2022,4Mo,,0
803,08/03/2022,4Mo,,0
804,08/04/2022,4Mo,,0
805,08/05/2022,4Mo,,0
806,08/08/2022,4Mo,,0
807,08/09/2022,4Mo,,0
808,08/10/2022,4Mo,,0
809,08/11/2022,4Mo,,0
810,08/12/2022,4Mo,,0
811,08/15/2022,4Mo,,0
812,08/16/2022,4Mo,,0
813,08/17/2022,4Mo,,0
814,08/18/2022,4Mo,,0
815,08/19/2022,4Mo,,0
816,08/22/2022,4Mo,,0
817,08/23/2022,4Mo,,0
818,08/24/2022,4Mo,,0
819,08/25/2022,4Mo,,0
820,08/26/2022,4Mo,,0
821,08/29/2022,4Mo,,0
822,08/30/2022,4Mo,,0
823,08/31/2022,4Mo,,0
824,09/01/2022,4Mo,,0
825,09/02/2022,4Mo,,0
826,09/06/2022,4Mo,,0
827,09/07/2022,4Mo,,0
828,09/08/2022,4Mo,,0
829,09/09/2022,4Mo,,0
830,09/12/2022,4Mo,,0
831,09/13/2022,4Mo,,0
832,09/14/2022,4Mo,,0
833,09/15/2022,4Mo,,0
834,09/16/2022,4Mo,,0
835,09/19/2022,4Mo,,0
836,09/20/2022,4Mo,,0
837,09/21/2022,4Mo,,0
838,09/22/2022,4Mo,,0
839,09/23/2022,4Mo,,0
840,09/26/2022,4Mo,,0
841,09/27/2022,4Mo,,0
842,09/28/2022,4Mo,,0
843,09/29/2022,4Mo,,0
844,09/30/2022,4Mo,,0
845,10/03/2022,4Mo,,0
846,10/04/2022,4Mo,,0
847,10/05/2022,4Mo,,0
848,10/06/2022,4Mo,,0
849,10/07/2022,4Mo,,0
850,10/11/2022,4Mo,,0
851,10/12/2022,4Mo,,0
852,10/13/2022,4Mo,,0
853,10/14/2022,4Mo,,0
854,10/17/2022,4Mo,,0
855,10/18/2022,4Mo,,0
856,10/19/2022,4Mo,4.32,0
857,10/20/2022,4Mo,4.33,0
858,10/21/2022,4Mo,4.31,0
859,10/24/2022,4Mo,4.33,0
860,10/25/2022,4Mo,4.32,0
861,10/26/2022,4Mo,4.27,0
862,10/27/2022,4Mo,4.27,0
863,10/28/2022,4Mo,4.3,0
864,10/31/2022,4Mo,4.33,0
865,11/01/2022,4Mo,4.35,0
866,11/02/2022,4Mo,4.38,0
867,11/03/2022,4Mo,4.38,0
868,11/04/2022,4Mo,4.36,0
869,11/07/2022,4Mo,4.39,0
870,11/08/2022,4Mo,4.39,0
871,11/09/2022,4Mo,4.4,0
872,11/10/2022,4Mo,4.36,0
873,11/14/2022,4Mo,4.38,0
874,11/15/2022,4Mo,4.4,0
875,11/16/2022,4Mo,4.43,0
876,01/03/2022,6Mo,0.22,0
877,01/04/2022,6Mo,0.22,0
878,01/05/2022,6Mo,0.22,0
879,01/06/2022,6Mo,0.23,0
880,01/07/2022,6Mo,0.24,0
881,01/10/2022,6Mo,0.28,0
882,01/11/2022,6Mo,0.28,0
883,01/12/2022,6Mo,0.27,0
884,01/13/2022,6Mo,0.28,0
885,01/14/2022,6Mo,0.3,0
886,01/18/2022,6Mo,0.37,0
887,01/19/2022,6Mo,0.36,0
888,01/20/2022,6Mo,0.36,0
889,01/21/2022,6Mo,0.35,0
890,01/24/2022,6Mo,0.39,0
891,01/25/2022,6Mo,0.39,0
892,01/26/2022,6Mo,0.4,0
893,01/27/2022,6Mo,0.43,0
894,01/28/2022,6Mo,0.43,0
895,01/31/2022,6Mo,0.49,0
896,02/01/2022,6Mo,0.48,0
897,02/02/2022,6Mo,0.45,0
898,02/03/2022,6Mo,0.48,0
899,02/04/2022,6Mo,0.56,0
900,02/07/2022,6Mo,0.58,0
901,02/08/2022,6Mo,0.59,0
902,02/09/2022,6Mo,0.57,0
903,02/10/2022,6Mo,0.74,0
904,02/11/2022,6Mo,0.71,0
905,02/14/2022,6Mo,0.76,0
906,02/15/2022,6Mo,0.72,0
907,02/16/2022,6Mo,0.67,0
908,02/17/2022,6Mo,0.65,0
909,02/18/2022,6Mo,0.65,0
910,02/22/2022,6Mo,0.73,0
911,02/23/2022,6Mo,0.74,0
912,02/24/2022,6Mo,0.65,0
913,02/25/2022,6Mo,0.71,0
914,02/28/2022,6Mo,0.69,0
915,03/01/2022,6Mo,0.6,0
916,03/02/2022,6Mo,0.68,0
917,03/03/2022,6Mo,0.69,0
918,03/04/2022,6Mo,0.69,0
919,03/07/2022,6Mo,0.75,0
920,03/08/2022,6Mo,0.72,0
921,03/09/2022,6Mo,0.75,0
922,03/10/2022,6Mo,0.75,0
923,03/11/2022,6Mo,0.78,0
924,03/14/2022,6Mo,0.86,0
925,03/15/2022,6Mo,0.86,0
926,03/16/2022,6Mo,0.86,0
927,03/17/2022,6Mo,0.81,0
928,03/18/2022,6Mo,0.83,0
929,03/21/2022,6Mo,0.95,0
930,03/22/2022,6Mo,0.96,0
931,03/23/2022,6Mo,0.93,0
932,03/24/2022,6Mo,0.96,0
933,03/25/2022,6Mo,1.01,0
934,03/28/2022,6Mo,1.08,0
935,03/29/2022,6Mo,1.06,0
936,03/30/2022,6Mo,1.04,0
937,03/31/2022,6Mo,1.06,0
938,04/01/2022,6Mo,1.09,0
939,04/04/2022,6Mo,1.14,0
940,04/05/2022,6Mo,1.13,0
941,04/06/2022,6Mo,1.15,0
942,04/07/2022,6Mo,1.15,0
943,04/08/2022,6Mo,1.19,0
944,04/11/2022,6Mo,1.23,0
945,04/12/2022,6Mo,1.2,0
946,04/13/2022,6Mo,1.2,0
947,04/14/2022,6Mo,1.25,0
948,04/18/2022,6Mo,1.27,0
949,04/19/2022,6Mo,1.28,0
950,04/20/2022,6Mo,1.29,0
951,04/21/2022,6Mo,1.32,0
952,04/22/2022,6Mo,1.34,0
953,04/25/2022,6Mo,1.42,0
954,04/26/2022,6Mo,1.4,0
955,04/27/2022,6Mo,1.39,0
956,04/28/2022,6Mo,1.38,0
957,04/29/2022,6Mo,1.41,0
958,05/02/2022,6Mo,1.49,0
959,05/03/2022,6Mo,1.45,0
960,05/04/2022,6Mo,1.44,0
961,05/05/2022,6Mo,1.37,0
962,05/06/2022,6Mo,1.41,0
963,05/09/2022,6Mo,1.43,0
964,05/10/2022,6Mo,1.44,0
965,05/11/2022,6Mo,1.43,0
966,05/12/2022,6Mo,1.44,0
967,05/13/2022,6Mo,1.47,0
968,05/16/2022,6Mo,1.54,0
969,05/17/2022,6Mo,1.57,0
970,05/18/2022,6Mo,1.56,0
971,05/19/2022,6Mo,1.52,0
972,05/20/2022,6Mo,1.51,0
973,05/23/2022,6Mo,1.57,0
974,05/24/2022,6Mo,1.53,0
975,05/25/2022,6Mo,1.52,0
976,05/26/2022,6Mo,1.52,0
977,05/27/2022,6Mo,1.54,0
978,05/31/2022,6Mo,1.64,0
979,06/01/2022,6Mo,1.63,0
980,06/02/2022,6Mo,1.64,0
981,06/03/2022,6Mo,1.68,0
982,06/06/2022,6Mo,1.74,0
983,06/07/2022,6Mo,1.75,0
984,06/08/2022,6Mo,1.77,0
985,06/09/2022,6Mo,1.81,0
986,06/10/2022,6Mo,1.98,0
987,06/13/2022,6Mo,2.25,0
988,06/14/2022,6Mo,2.43,0
989,06/15/2022,6Mo,2.32,0
990,06/16/2022,6Mo,2.24,0
991,06/17/2022,6Mo,2.25,0
992,06/21/2022,6Mo,2.46,0
993,06/22/2022,6Mo,2.4,0
994,06/23/2022,6Mo,2.44,0
995,06/24/2022,6Mo,2.51,0
996,06/27/2022,6Mo,2.56,0
997,06/28/2022,6Mo,2.55,0
998,06/29/2022,6Mo,2.55,0
999,06/30/2022,6Mo,2.51,0
1000,07/01/2022,6Mo,2.52,0
1001,07/05/2022,6Mo,2.59,0
1002,07/06/2022,6Mo,2.62,0
1003,07/07/2022,6Mo,2.64,0
1004,07/08/2022,6Mo,2.68,0
1005,07/11/2022,6Mo,2.79,0
1006,07/12/2022,6Mo,2.78,0
1007,07/13/2022,6Mo,2.96,0
1008,07/14/2022,6Mo,2.93,0
1009,07/15/2022,6Mo,2.94,0
1010,07/18/2022,6Mo,3.02,0
1011,07/19/2022,6Mo,3.06,0
1012,07/20/2022,6Mo,3.04,0
1013,07/21/2022,6Mo,3.0,0
1014,07/22/2022,6Mo,2.97,0
1015,07/25/2022,6Mo,3.06,0
1016,07/26/2022,6Mo,3.01,0
1017,07/27/2022,6Mo,2.93,0
1018,07/28/2022,6Mo,2.9,0
1019,07/29/2022,6Mo,2.91,0
1020,08/01/2022,6Mo,2.96,0
1021,08/02/2022,6Mo,3.0,0
1022,08/03/2022,6Mo,3.0,0
1023,08/04/2022,6Mo,2.98,0
1024,08/05/2022,6Mo,3.1,0
1025,08/08/2022,6Mo,3.15,0
1026,08/09/2022,6Mo,3.16,0
1027,08/10/2022,6Mo,3.13,0
1028,08/11/2022,6Mo,3.08,0
1029,08/12/2022,6Mo,3.13,0
1030,08/15/2022,6Mo,3.13,0
1031,08/16/2022,6Mo,3.12,0
1032,08/17/2022,6Mo,3.15,0
1033,08/18/2022,6Mo,3.12,0
1034,08/19/2022,6Mo,3.16,0
1035,08/22/2022,6Mo,3.23,0
1036,08/23/2022,6Mo,3.21,0
1037,08/24/2022,6Mo,3.28,0
1038,08/25/2022,6Mo,3.25,0
1039,08/26/2022,6Mo,3.26,0
1040,08/29/2022,6Mo,3.32,0
1041,08/30/2022,6Mo,3.31,0
1042,08/31/2022,6Mo,3.32,0
1043,09/01/2022,6Mo,3.34,0
1044,09/02/2022,6Mo,3.33,0
1045,09/06/2022,6Mo,3.4,0
1046,09/07/2022,6Mo,3.42,0
1047,09/08/2022,6Mo,3.44,0
1048,09/09/2022,6Mo,3.52,0
1049,09/12/2022,6Mo,3.56,0
1050,09/13/2022,6Mo,3.75,0
1051,09/14/2022,6Mo,3.76,0
1052,09/15/2022,6Mo,3.78,0
1053,09/16/2022,6Mo,3.77,0
1054,09/19/2022,6Mo,3.87,0
1055,09/20/2022,6Mo,3.86,0
1056,09/21/2022,6Mo,3.86,0
1057,09/22/2022,6Mo,3.87,0
1058,09/23/2022,6Mo,3.85,0
1059,09/26/2022,6Mo,3.95,0
1060,09/27/2022,6Mo,3.91,0
1061,09/28/2022,6Mo,3.87,0
1062,09/29/2022,6Mo,3.87,0
1063,09/30/2022,6Mo,3.92,0
1064,10/03/2022,6Mo,3.97,0
1065,10/04/2022,6Mo,3.98,0
1066,10/05/2022,6Mo,4.0,0
1067,10/06/2022,6Mo,4.04,0
1068,10/07/2022,6Mo,4.09,0
1069,10/11/2022,6Mo,4.17,0
1070,10/12/2022,6Mo,4.16,0
1071,10/13/2022,6Mo,4.3,0
1072,10/14/2022,6Mo,4.31,0
1073,10/17/2022,6Mo,4.38,0
1074,10/18/2022,6Mo,4.39,0
1075,10/19/2022,6Mo,4.45,0
1076,10/20/2022,6Mo,4.48,0
1077,10/21/2022,6Mo,4.43,0
1078,10/24/2022,6Mo,4.52,0
1079,10/25/2022,6Mo,4.5,0
1080,10/26/2022,6Mo,4.47,0
1081,10/27/2022,6Mo,4.44,0
1082,10/28/2022,6Mo,4.51,0
1083,10/31/2022,6Mo,4.57,0
1084,11/01/2022,6Mo,4.58,0
1085,11/02/2022,6Mo,4.57,0
1086,11/03/2022,6Mo,4.57,0
1087,11/04/2022,6Mo,4.55,0
1088,11/07/2022,6Mo,4.62,0
1089,11/08/2022,6Mo,4.6,0
1090,11/09/2022,6Mo,4.59,0
1091,11/10/2022,6Mo,4.52,0
1092,11/14/2022,6Mo,4.55,0
1093,11/15/2022,6Mo,4.54,0
1094,11/16/2022,6Mo,4.54,0
1095,01/03/2022,1Yr,0.4,0
1096,01/04/2022,1Yr,0.38,0
1097,01/05/2022,1Yr,0.41,0
1098,01/06/2022,1Yr,0.45,0
1099,01/07/2022,1Yr,0.43,0
1100,01/10/2022,1Yr,0.46,0
1101,01/11/2022,1Yr,0.46,0
1102,01/12/2022,1Yr,0.48,0
1103,01/13/2022,1Yr,0.47,0
1104,01/14/2022,1Yr,0.51,0
1105,01/18/2022,1Yr,0.58,0
1106,01/19/2022,1Yr,0.57,0
1107,01/20/2022,1Yr,0.6,0
1108,01/21/2022,1Yr,0.58,0
1109,01/24/2022,1Yr,0.58,0
1110,01/25/2022,1Yr,0.65,0
1111,01/26/2022,1Yr,0.7,0
1112,01/27/2022,1Yr,0.75,0
1113,01/28/2022,1Yr,0.75,0
1114,01/31/2022,1Yr,0.78,0
1115,02/01/2022,1Yr,0.78,0
1116,02/02/2022,1Yr,0.76,0
1117,02/03/2022,1Yr,0.78,0
1118,02/04/2022,1Yr,0.89,0
1119,02/07/2022,1Yr,0.88,0
1120,02/08/2022,1Yr,0.91,0
1121,02/09/2022,1Yr,0.91,0
1122,02/10/2022,1Yr,1.14,0
1123,02/11/2022,1Yr,1.07,0
1124,02/14/2022,1Yr,1.13,0
1125,02/15/2022,1Yr,1.11,0
1126,02/16/2022,1Yr,1.09,0
1127,02/17/2022,1Yr,1.05,0
1128,02/18/2022,1Yr,1.03,0
1129,02/22/2022,1Yr,1.17,0
1130,02/23/2022,1Yr,1.16,0
1131,02/24/2022,1Yr,1.08,0
1132,02/25/2022,1Yr,1.13,0
1133,02/28/2022,1Yr,1.01,0
1134,03/01/2022,1Yr,0.91,0
1135,03/02/2022,1Yr,1.06,0
1136,03/03/2022,1Yr,1.08,0
1137,03/04/2022,1Yr,1.05,0
1138,03/07/2022,1Yr,1.07,0
1139,03/08/2022,1Yr,1.12,0
1140,03/09/2022,1Yr,1.15,0
1141,03/10/2022,1Yr,1.19,0
1142,03/11/2022,1Yr,1.22,0
1143,03/14/2022,1Yr,1.28,0
1144,03/15/2022,1Yr,1.28,0
1145,03/16/2022,1Yr,1.35,0
1146,03/17/2022,1Yr,1.3,0
1147,03/18/2022,1Yr,1.29,0
1148,03/21/2022,1Yr,1.4,0
1149,03/22/2022,1Yr,1.59,0
1150,03/23/2022,1Yr,1.52,0
1151,03/24/2022,1Yr,1.55,0
1152,03/25/2022,1Yr,1.67,0
1153,03/28/2022,1Yr,1.69,0
1154,03/29/2022,1Yr,1.67,0
1155,03/30/2022,1Yr,1.64,0
1156,03/31/2022,1Yr,1.63,0
1157,04/01/2022,1Yr,1.72,0
1158,04/04/2022,1Yr,1.72,0
1159,04/05/2022,1Yr,1.77,0
1160,04/06/2022,1Yr,1.79,0
1161,04/07/2022,1Yr,1.78,0
1162,04/08/2022,1Yr,1.81,0
1163,04/11/2022,1Yr,1.85,0
1164,04/12/2022,1Yr,1.77,0
1165,04/13/2022,1Yr,1.78,0
1166,04/14/2022,1Yr,1.84,0
1167,04/18/2022,1Yr,1.84,0
1168,04/19/2022,1Yr,1.94,0
1169,04/20/2022,1Yr,1.93,0
1170,04/21/2022,1Yr,2.01,0
1171,04/22/2022,1Yr,2.06,0
1172,04/25/2022,1Yr,2.03,0
1173,04/26/2022,1Yr,1.99,0
1174,04/27/2022,1Yr,1.97,0
1175,04/28/2022,1Yr,2.04,0
1176,04/29/2022,1Yr,2.1,0
1177,05/02/2022,1Yr,2.1,0
1178,05/03/2022,1Yr,2.16,0
1179,05/04/2022,1Yr,2.07,0
1180,05/05/2022,1Yr,2.08,0
1181,05/06/2022,1Yr,2.08,0
1182,05/09/2022,1Yr,1.99,0
1183,05/10/2022,1Yr,2.01,0
1184,05/11/2022,1Yr,1.99,0
1185,05/12/2022,1Yr,1.96,0
1186,05/13/2022,1Yr,2.04,0
1187,05/16/2022,1Yr,2.07,0
1188,05/17/2022,1Yr,2.16,0
1189,05/18/2022,1Yr,2.16,0
1190,05/19/2022,1Yr,2.11,0
1191,05/20/2022,1Yr,2.07,0
1192,05/23/2022,1Yr,2.09,0
1193,05/24/2022,1Yr,2.02,0
1194,05/25/2022,1Yr,2.01,0
1195,05/26/2022,1Yr,1.99,0
1196,05/27/2022,1Yr,2.01,0
1197,05/31/2022,1Yr,2.08,0
1198,06/01/2022,1Yr,2.16,0
1199,06/02/2022,1Yr,2.15,0
1200,06/03/2022,1Yr,2.18,0
1201,06/06/2022,1Yr,2.23,0
1202,06/07/2022,1Yr,2.26,0
1203,06/08/2022,1Yr,2.29,0
1204,06/09/2022,1Yr,2.35,0
1205,06/10/2022,1Yr,2.58,0
1206,06/13/2022,1Yr,2.89,0
1207,06/14/2022,1Yr,3.15,0
1208,06/15/2022,1Yr,2.93,0
1209,06/16/2022,1Yr,2.88,0
1210,06/17/2022,1Yr,2.86,0
1211,06/21/2022,1Yr,2.92,0
1212,06/22/2022,1Yr,2.79,0
1213,06/23/2022,1Yr,2.78,0
1214,06/24/2022,1Yr,2.83,0
1215,06/27/2022,1Yr,2.89,0
1216,06/28/2022,1Yr,2.88,0
1217,06/29/2022,1Yr,2.88,0
1218,06/30/2022,1Yr,2.8,0
1219,07/01/2022,1Yr,2.79,0
1220,07/05/2022,1Yr,2.77,0
1221,07/06/2022,1Yr,2.82,0
1222,07/07/2022,1Yr,2.87,0
1223,07/08/2022,1Yr,2.96,0
1224,07/11/2022,1Yr,2.97,0
1225,07/12/2022,1Yr,3.07,0
1226,07/13/2022,1Yr,3.21,0
1227,07/14/2022,1Yr,3.16,0
1228,07/15/2022,1Yr,3.12,0
1229,07/18/2022,1Yr,3.13,0
1230,07/19/2022,1Yr,3.18,0
1231,07/20/2022,1Yr,3.18,0
1232,07/21/2022,1Yr,3.11,0
1233,07/22/2022,1Yr,3.01,0
1234,07/25/2022,1Yr,3.07,0
1235,07/26/2022,1Yr,3.06,0
1236,07/27/2022,1Yr,3.0,0
1237,07/28/2022,1Yr,2.93,0
1238,07/29/2022,1Yr,2.98,0
1239,08/01/2022,1Yr,2.98,0
1240,08/02/2022,1Yr,3.09,0
1241,08/03/2022,1Yr,3.14,0
1242,08/04/2022,1Yr,3.11,0
1243,08/05/2022,1Yr,3.29,0
1244,08/08/2022,1Yr,3.3,0
1245,08/09/2022,1Yr,3.33,0
1246,08/10/2022,1Yr,3.26,0
1247,08/11/2022,1Yr,3.25,0
1248,08/12/2022,1Yr,3.26,0
1249,08/15/2022,1Yr,3.23,0
1250,08/16/2022,1Yr,3.26,0
1251,08/17/2022,1Yr,3.27,0
1252,08/18/2022,1Yr,3.24,0
1253,08/19/2022,1Yr,3.26,0
1254,08/22/2022,1Yr,3.32,0
1255,08/23/2022,1Yr,3.29,0
1256,08/24/2022,1Yr,3.35,0
1257,08/25/2022,1Yr,3.33,0
1258,08/26/2022,1Yr,3.36,0
1259,08/29/2022,1Yr,3.43,0
1260,08/30/2022,1Yr,3.48,0
1261,08/31/2022,1Yr,3.5,0
1262,09/01/2022,1Yr,3.51,0
1263,09/02/2022,1Yr,3.47,0
1264,09/06/2022,1Yr,3.61,0
1265,09/07/2022,1Yr,3.6,0
1266,09/08/2022,1Yr,3.6,0
1267,09/09/2022,1Yr,3.67,0
1268,09/12/2022,1Yr,3.7,0
1269,09/13/2022,1Yr,3.92,0
1270,09/14/2022,1Yr,3.95,0
1271,09/15/2022,1Yr,4.0,0
1272,09/16/2022,1Yr,3.96,0
1273,09/19/2022,1Yr,4.05,0
1274,09/20/2022,1Yr,4.03,0
1275,09/21/2022,1Yr,4.08,0
1276,09/22/2022,1Yr,4.08,0
1277,09/23/2022,1Yr,4.15,0
1278,09/26/2022,1Yr,4.17,0
1279,09/27/2022,1Yr,4.16,0
1280,09/28/2022,1Yr,3.99,0
1281,09/29/2022,1Yr,3.98,0
1282,09/30/2022,1Yr,4.05,0
1283,10/03/2022,1Yr,4.01,0
1284,10/04/2022,1Yr,4.15,0
1285,10/05/2022,1Yr,4.14,0
1286,10/06/2022,1Yr,4.19,0
1287,10/07/2022,1Yr,4.24,0
1288,10/11/2022,1Yr,4.28,0
1289,10/12/2022,1Yr,4.28,0
1290,10/13/2022,1Yr,4.46,0
1291,10/14/2022,1Yr,4.5,0
1292,10/17/2022,1Yr,4.5,0
1293,10/18/2022,1Yr,4.5,0
1294,10/19/2022,1Yr,4.6,0
1295,10/20/2022,1Yr,4.66,0
1296,10/21/2022,1Yr,4.58,0
1297,10/24/2022,1Yr,4.61,0
1298,10/25/2022,1Yr,4.6,0
1299,10/26/2022,1Yr,4.54,0
1300,10/27/2022,1Yr,4.5,0
1301,10/28/2022,1Yr,4.55,0
1302,10/31/2022,1Yr,4.66,0
1303,11/01/2022,1Yr,4.75,0
1304,11/02/2022,1Yr,4.76,0
1305,11/03/2022,1Yr,4.78,0
1306,11/04/2022,1Yr,4.76,0
1307,11/07/2022,1Yr,4.8,0
1308,11/08/2022,1Yr,4.77,0
1309,11/09/2022,1Yr,4.75,0
1310,11/10/2022,1Yr,4.59,0
1311,11/14/2022,1Yr,4.63,0
1312,11/15/2022,1Yr,4.6,0
1313,11/16/2022,1Yr,4.62,0
1314,01/03/2022,2Yr,0.78,0
1315,01/04/2022,2Yr,0.77,0
1316,01/05/2022,2Yr,0.83,0
1317,01/06/2022,2Yr,0.88,0
1318,01/07/2022,2Yr,0.87,0
1319,01/10/2022,2Yr,0.92,0
1320,01/11/2022,2Yr,0.9,0
1321,01/12/2022,2Yr,0.92,0
1322,01/13/2022,2Yr,0.91,0
1323,01/14/2022,2Yr,0.99,0
1324,01/18/2022,2Yr,1.06,0
1325,01/19/2022,2Yr,1.04,0
1326,01/20/2022,2Yr,1.08,0
1327,01/21/2022,2Yr,1.01,0
1328,01/24/2022,2Yr,0.99,0
1329,01/25/2022,2Yr,1.02,0
1330,01/26/2022,2Yr,1.13,0
1331,01/27/2022,2Yr,1.18,0
1332,01/28/2022,2Yr,1.15,0
1333,01/31/2022,2Yr,1.18,0
1334,02/01/2022,2Yr,1.18,0
1335,02/02/2022,2Yr,1.16,0
1336,02/03/2022,2Yr,1.19,0
1337,02/04/2022,2Yr,1.31,0
1338,02/07/2022,2Yr,1.3,0
1339,02/08/2022,2Yr,1.35,0
1340,02/09/2022,2Yr,1.36,0
1341,02/10/2022,2Yr,1.61,0
1342,02/11/2022,2Yr,1.5,0
1343,02/14/2022,2Yr,1.58,0
1344,02/15/2022,2Yr,1.58,0
1345,02/16/2022,2Yr,1.52,0
1346,02/17/2022,2Yr,1.49,0
1347,02/18/2022,2Yr,1.47,0
1348,02/22/2022,2Yr,1.56,0
1349,02/23/2022,2Yr,1.58,0
1350,02/24/2022,2Yr,1.54,0
1351,02/25/2022,2Yr,1.55,0
1352,02/28/2022,2Yr,1.44,0
1353,03/01/2022,2Yr,1.31,0
1354,03/02/2022,2Yr,1.5,0
1355,03/03/2022,2Yr,1.53,0
1356,03/04/2022,2Yr,1.5,0
1357,03/07/2022,2Yr,1.55,0
1358,03/08/2022,2Yr,1.63,0
1359,03/09/2022,2Yr,1.68,0
1360,03/10/2022,2Yr,1.72,0
1361,03/11/2022,2Yr,1.75,0
1362,03/14/2022,2Yr,1.87,0
1363,03/15/2022,2Yr,1.85,0
1364,03/16/2022,2Yr,1.95,0
1365,03/17/2022,2Yr,1.94,0
1366,03/18/2022,2Yr,1.97,0
1367,03/21/2022,2Yr,2.14,0
1368,03/22/2022,2Yr,2.18,0
1369,03/23/2022,2Yr,2.13,0
1370,03/24/2022,2Yr,2.13,0
1371,03/25/2022,2Yr,2.3,0
1372,03/28/2022,2Yr,2.35,0
1373,03/29/2022,2Yr,2.35,0
1374,03/30/2022,2Yr,2.31,0
1375,03/31/2022,2Yr,2.28,0
1376,04/01/2022,2Yr,2.44,0
1377,04/04/2022,2Yr,2.43,0
1378,04/05/2022,2Yr,2.51,0
1379,04/06/2022,2Yr,2.5,0
1380,04/07/2022,2Yr,2.47,0
1381,04/08/2022,2Yr,2.53,0
1382,04/11/2022,2Yr,2.5,0
1383,04/12/2022,2Yr,2.39,0
1384,04/13/2022,2Yr,2.37,0
1385,04/14/2022,2Yr,2.47,0
1386,04/18/2022,2Yr,2.46,0
1387,04/19/2022,2Yr,2.61,0
1388,04/20/2022,2Yr,2.6,0
1389,04/21/2022,2Yr,2.68,0
1390,04/22/2022,2Yr,2.72,0
1391,04/25/2022,2Yr,2.63,0
1392,04/26/2022,2Yr,2.54,0
1393,04/27/2022,2Yr,2.58,0
1394,04/28/2022,2Yr,2.63,0
1395,04/29/2022,2Yr,2.7,0
1396,05/02/2022,2Yr,2.73,0
1397,05/03/2022,2Yr,2.78,0
1398,05/04/2022,2Yr,2.66,0
1399,05/05/2022,2Yr,2.71,0
1400,05/06/2022,2Yr,2.72,0
1401,05/09/2022,2Yr,2.61,0
1402,05/10/2022,2Yr,2.62,0
1403,05/11/2022,2Yr,2.66,0
1404,05/12/2022,2Yr,2.56,0
1405,05/13/2022,2Yr,2.61,0
1406,05/16/2022,2Yr,2.58,0
1407,05/17/2022,2Yr,2.71,0
1408,05/18/2022,2Yr,2.68,0
1409,05/19/2022,2Yr,2.63,0
1410,05/20/2022,2Yr,2.6,0
1411,05/23/2022,2Yr,2.65,0
1412,05/24/2022,2Yr,2.5,0
1413,05/25/2022,2Yr,2.48,0
1414,05/26/2022,2Yr,2.46,0
1415,05/27/2022,2Yr,2.47,0
1416,05/31/2022,2Yr,2.53,0
1417,06/01/2022,2Yr,2.66,0
1418,06/02/2022,2Yr,2.65,0
1419,06/03/2022,2Yr,2.66,0
1420,06/06/2022,2Yr,2.73,0
1421,06/07/2022,2Yr,2.75,0
1422,06/08/2022,2Yr,2.78,0
1423,06/09/2022,2Yr,2.83,0
1424,06/10/2022,2Yr,3.06,0
1425,06/13/2022,2Yr,3.4,0
1426,06/14/2022,2Yr,3.45,0
1427,06/15/2022,2Yr,3.2,0
1428,06/16/2022,2Yr,3.14,0
1429,06/17/2022,2Yr,3.17,0
1430,06/21/2022,2Yr,3.21,0
1431,06/22/2022,2Yr,3.06,0
1432,06/23/2022,2Yr,3.01,0
1433,06/24/2022,2Yr,3.04,0
1434,06/27/2022,2Yr,3.08,0
1435,06/28/2022,2Yr,3.1,0
1436,06/29/2022,2Yr,3.06,0
1437,06/30/2022,2Yr,2.92,0
1438,07/01/2022,2Yr,2.84,0
1439,07/05/2022,2Yr,2.82,0
1440,07/06/2022,2Yr,2.97,0
1441,07/07/2022,2Yr,3.03,0
1442,07/08/2022,2Yr,3.12,0
1443,07/11/2022,2Yr,3.07,0
1444,07/12/2022,2Yr,3.03,0
1445,07/13/2022,2Yr,3.13,0
1446,07/14/2022,2Yr,3.15,0
1447,07/15/2022,2Yr,3.13,0
1448,07/18/2022,2Yr,3.15,0
1449,07/19/2022,2Yr,3.23,0
1450,07/20/2022,2Yr,3.25,0
1451,07/21/2022,2Yr,3.1,0
1452,07/22/2022,2Yr,2.98,0
1453,07/25/2022,2Yr,3.0,0
1454,07/26/2022,2Yr,3.02,0
1455,07/27/2022,2Yr,2.96,0
1456,07/28/2022,2Yr,2.85,0
1457,07/29/2022,2Yr,2.89,0
1458,08/01/2022,2Yr,2.9,0
1459,08/02/2022,2Yr,3.06,0
1460,08/03/2022,2Yr,3.1,0
1461,08/04/2022,2Yr,3.03,0
1462,08/05/2022,2Yr,3.24,0
1463,08/08/2022,2Yr,3.21,0
1464,08/09/2022,2Yr,3.28,0
1465,08/10/2022,2Yr,3.23,0
1466,08/11/2022,2Yr,3.23,0
1467,08/12/2022,2Yr,3.25,0
1468,08/15/2022,2Yr,3.2,0
1469,08/16/2022,2Yr,3.25,0
1470,08/17/2022,2Yr,3.28,0
1471,08/18/2022,2Yr,3.22,0
1472,08/19/2022,2Yr,3.25,0
1473,08/22/2022,2Yr,3.32,0
1474,08/23/2022,2Yr,3.29,0
1475,08/24/2022,2Yr,3.36,0
1476,08/25/2022,2Yr,3.35,0
1477,08/26/2022,2Yr,3.37,0
1478,08/29/2022,2Yr,3.42,0
1479,08/30/2022,2Yr,3.46,0
1480,08/31/2022,2Yr,3.45,0
1481,09/01/2022,2Yr,3.51,0
1482,09/02/2022,2Yr,3.4,0
1483,09/06/2022,2Yr,3.5,0
1484,09/07/2022,2Yr,3.45,0
1485,09/08/2022,2Yr,3.48,0
1486,09/09/2022,2Yr,3.56,0
1487,09/12/2022,2Yr,3.58,0
1488,09/13/2022,2Yr,3.75,0
1489,09/14/2022,2Yr,3.78,0
1490,09/15/2022,2Yr,3.87,0
1491,09/16/2022,2Yr,3.85,0
1492,09/19/2022,2Yr,3.95,0
1493,09/20/2022,2Yr,3.96,0
1494,09/21/2022,2Yr,4.02,0
1495,09/22/2022,2Yr,4.11,0
1496,09/23/2022,2Yr,4.2,0
1497,09/26/2022,2Yr,4.27,0
1498,09/27/2022,2Yr,4.3,0
1499,09/28/2022,2Yr,4.07,0
1500,09/29/2022,2Yr,4.16,0
1501,09/30/2022,2Yr,4.22,0
1502,10/03/2022,2Yr,4.12,0
1503,10/04/2022,2Yr,4.1,0
1504,10/05/2022,2Yr,4.15,0
1505,10/06/2022,2Yr,4.23,0
1506,10/07/2022,2Yr,4.3,0
1507,10/11/2022,2Yr,4.3,0
1508,10/12/2022,2Yr,4.28,0
1509,10/13/2022,2Yr,4.47,0
1510,10/14/2022,2Yr,4.48,0
1511,10/17/2022,2Yr,4.45,0
1512,10/18/2022,2Yr,4.43,0
1513,10/19/2022,2Yr,4.55,0
1514,10/20/2022,2Yr,4.62,0
1515,10/21/2022,2Yr,4.49,0
1516,10/24/2022,2Yr,4.5,0
1517,10/25/2022,2Yr,4.42,0
1518,10/26/2022,2Yr,4.39,0
1519,10/27/2022,2Yr,4.3,0
1520,10/28/2022,2Yr,4.41,0
1521,10/31/2022,2Yr,4.51,0
1522,11/01/2022,2Yr,4.54,0
1523,11/02/2022,2Yr,4.61,0
1524,11/03/2022,2Yr,4.71,0
1525,11/04/2022,2Yr,4.66,0
1526,11/07/2022,2Yr,4.72,0
1527,11/08/2022,2Yr,4.67,0
1528,11/09/2022,2Yr,4.61,0
1529,11/10/2022,2Yr,4.34,0
1530,11/14/2022,2Yr,4.4,0
1531,11/15/2022,2Yr,4.37,0
1532,11/16/2022,2Yr,4.35,0
1533,01/03/2022,3Yr,1.04,0
1534,01/04/2022,3Yr,1.02,0
1535,01/05/2022,3Yr,1.1,0
1536,01/06/2022,3Yr,1.15,0
1537,01/07/2022,3Yr,1.17,0
1538,01/10/2022,3Yr,1.21,0
1539,01/11/2022,3Yr,1.22,0
1540,01/12/2022,3Yr,1.21,0
1541,01/13/2022,3Yr,1.18,0
1542,01/14/2022,3Yr,1.26,0
1543,01/18/2022,3Yr,1.35,0
1544,01/19/2022,3Yr,1.33,0
1545,01/20/2022,3Yr,1.34,0
1546,01/21/2022,3Yr,1.28,0
1547,01/24/2022,3Yr,1.25,0
1548,01/25/2022,3Yr,1.28,0
1549,01/26/2022,3Yr,1.39,0
1550,01/27/2022,3Yr,1.43,0
1551,01/28/2022,3Yr,1.38,0
1552,01/31/2022,3Yr,1.39,0
1553,02/01/2022,3Yr,1.39,0
1554,02/02/2022,3Yr,1.38,0
1555,02/03/2022,3Yr,1.42,0
1556,02/04/2022,3Yr,1.55,0
1557,02/07/2022,3Yr,1.54,0
1558,02/08/2022,3Yr,1.59,0
1559,02/09/2022,3Yr,1.61,0
1560,02/10/2022,3Yr,1.82,0
1561,02/11/2022,3Yr,1.71,0
1562,02/14/2022,3Yr,1.8,0
1563,02/15/2022,3Yr,1.8,0
1564,02/16/2022,3Yr,1.75,0
1565,02/17/2022,3Yr,1.7,0
1566,02/18/2022,3Yr,1.68,0
1567,02/22/2022,3Yr,1.74,0
1568,02/23/2022,3Yr,1.78,0
1569,02/24/2022,3Yr,1.73,0
1570,02/25/2022,3Yr,1.76,0
1571,02/28/2022,3Yr,1.62,0
1572,03/01/2022,3Yr,1.47,0
1573,03/02/2022,3Yr,1.67,0
1574,03/03/2022,3Yr,1.69,0
1575,03/04/2022,3Yr,1.62,0
1576,03/07/2022,3Yr,1.68,0
1577,03/08/2022,3Yr,1.78,0
1578,03/09/2022,3Yr,1.83,0
1579,03/10/2022,3Yr,1.88,0
1580,03/11/2022,3Yr,1.91,0
1581,03/14/2022,3Yr,2.04,0
1582,03/15/2022,3Yr,2.04,0
1583,03/16/2022,3Yr,2.14,0
1584,03/17/2022,3Yr,2.14,0
1585,03/18/2022,3Yr,2.15,0
1586,03/21/2022,3Yr,2.34,0
1587,03/22/2022,3Yr,2.38,0
1588,03/23/2022,3Yr,2.32,0
1589,03/24/2022,3Yr,2.35,0
1590,03/25/2022,3Yr,2.51,0
1591,03/28/2022,3Yr,2.55,0
1592,03/29/2022,3Yr,2.54,0
1593,03/30/2022,3Yr,2.49,0
1594,03/31/2022,3Yr,2.45,0
1595,04/01/2022,3Yr,2.61,0
1596,04/04/2022,3Yr,2.61,0
1597,04/05/2022,3Yr,2.69,0
1598,04/06/2022,3Yr,2.67,0
1599,04/07/2022,3Yr,2.66,0
1600,04/08/2022,3Yr,2.73,0
1601,04/11/2022,3Yr,2.73,0
1602,04/12/2022,3Yr,2.58,0
1603,04/13/2022,3Yr,2.57,0
1604,04/14/2022,3Yr,2.67,0
1605,04/18/2022,3Yr,2.68,0
1606,04/19/2022,3Yr,2.81,0
1607,04/20/2022,3Yr,2.79,0
1608,04/21/2022,3Yr,2.87,0
1609,04/22/2022,3Yr,2.88,0
1610,04/25/2022,3Yr,2.79,0
1611,04/26/2022,3Yr,2.72,0
1612,04/27/2022,3Yr,2.75,0
1613,04/28/2022,3Yr,2.8,0
1614,04/29/2022,3Yr,2.87,0
1615,05/02/2022,3Yr,2.93,0
1616,05/03/2022,3Yr,2.95,0
1617,05/04/2022,3Yr,2.85,0
1618,05/05/2022,3Yr,2.91,0
1619,05/06/2022,3Yr,2.94,0
1620,05/09/2022,3Yr,2.81,0
1621,05/10/2022,3Yr,2.81,0
1622,05/11/2022,3Yr,2.81,0
1623,05/12/2022,3Yr,2.73,0
1624,05/13/2022,3Yr,2.79,0
1625,05/16/2022,3Yr,2.75,0
1626,05/17/2022,3Yr,2.89,0
1627,05/18/2022,3Yr,2.84,0
1628,05/19/2022,3Yr,2.78,0
1629,05/20/2022,3Yr,2.73,0
1630,05/23/2022,3Yr,2.8,0
1631,05/24/2022,3Yr,2.66,0
1632,05/25/2022,3Yr,2.63,0
1633,05/26/2022,3Yr,2.63,0
1634,05/27/2022,3Yr,2.64,0
1635,05/31/2022,3Yr,2.71,0
1636,06/01/2022,3Yr,2.84,0
1637,06/02/2022,3Yr,2.83,0
1638,06/03/2022,3Yr,2.87,0
1639,06/06/2022,3Yr,2.94,0
1640,06/07/2022,3Yr,2.91,0
1641,06/08/2022,3Yr,2.94,0
1642,06/09/2022,3Yr,2.99,0
1643,06/10/2022,3Yr,3.21,0
1644,06/13/2022,3Yr,3.56,0
1645,06/14/2022,3Yr,3.6,0
1646,06/15/2022,3Yr,3.35,0
1647,06/16/2022,3Yr,3.33,0
1648,06/17/2022,3Yr,3.35,0
1649,06/21/2022,3Yr,3.35,0
1650,06/22/2022,3Yr,3.2,0
1651,06/23/2022,3Yr,3.12,0
1652,06/24/2022,3Yr,3.13,0
1653,06/27/2022,3Yr,3.21,0
1654,06/28/2022,3Yr,3.21,0
1655,06/29/2022,3Yr,3.13,0
1656,06/30/2022,3Yr,2.99,0
1657,07/01/2022,3Yr,2.85,0
1658,07/05/2022,3Yr,2.82,0
1659,07/06/2022,3Yr,2.99,0
1660,07/07/2022,3Yr,3.05,0
1661,07/08/2022,3Yr,3.14,0
1662,07/11/2022,3Yr,3.09,0
1663,07/12/2022,3Yr,3.07,0
1664,07/13/2022,3Yr,3.14,0
1665,07/14/2022,3Yr,3.16,0
1666,07/15/2022,3Yr,3.14,0
1667,07/18/2022,3Yr,3.15,0
1668,07/19/2022,3Yr,3.22,0
1669,07/20/2022,3Yr,3.25,0
1670,07/21/2022,3Yr,3.07,0
1671,07/22/2022,3Yr,2.93,0
1672,07/25/2022,3Yr,2.98,0
1673,07/26/2022,3Yr,3.01,0
1674,07/27/2022,3Yr,2.93,0
1675,07/28/2022,3Yr,2.81,0
1676,07/29/2022,3Yr,2.83,0
1677,08/01/2022,3Yr,2.82,0
1678,08/02/2022,3Yr,3.02,0
1679,08/03/2022,3Yr,3.04,0
1680,08/04/2022,3Yr,2.95,0
1681,08/05/2022,3Yr,3.18,0
1682,08/08/2022,3Yr,3.14,0
1683,08/09/2022,3Yr,3.2,0
1684,08/10/2022,3Yr,3.13,0
1685,08/11/2022,3Yr,3.16,0
1686,08/12/2022,3Yr,3.18,0
1687,08/15/2022,3Yr,3.14,0
1688,08/16/2022,3Yr,3.19,0
1689,08/17/2022,3Yr,3.27,0
1690,08/18/2022,3Yr,3.23,0
1691,08/19/2022,3Yr,3.28,0
1692,08/22/2022,3Yr,3.36,0
1693,08/23/2022,3Yr,3.35,0
1694,08/24/2022,3Yr,3.4,0
1695,08/25/2022,3Yr,3.37,0
1696,08/26/2022,3Yr,3.4,0
1697,08/29/2022,3Yr,3.45,0
1698,08/30/2022,3Yr,3.47,0
1699,08/31/2022,3Yr,3.46,0
1700,09/01/2022,3Yr,3.54,0
1701,09/02/2022,3Yr,3.44,0
1702,09/06/2022,3Yr,3.55,0
1703,09/07/2022,3Yr,3.5,0
1704,09/08/2022,3Yr,3.54,0
1705,09/09/2022,3Yr,3.61,0
1706,09/12/2022,3Yr,3.6,0
1707,09/13/2022,3Yr,3.75,0
1708,09/14/2022,3Yr,3.79,0
1709,09/15/2022,3Yr,3.85,0
1710,09/16/2022,3Yr,3.81,0
1711,09/19/2022,3Yr,3.9,0
1712,09/20/2022,3Yr,3.94,0
1713,09/21/2022,3Yr,3.98,0
1714,09/22/2022,3Yr,4.12,0
1715,09/23/2022,3Yr,4.21,0
1716,09/26/2022,3Yr,4.37,0
1717,09/27/2022,3Yr,4.39,0
1718,09/28/2022,3Yr,4.12,0
1719,09/29/2022,3Yr,4.19,0
1720,09/30/2022,3Yr,4.25,0
1721,10/03/2022,3Yr,4.12,0
1722,10/04/2022,3Yr,4.08,0
1723,10/05/2022,3Yr,4.17,0
1724,10/06/2022,3Yr,4.24,0
1725,10/07/2022,3Yr,4.33,0
1726,10/11/2022,3Yr,4.31,0
1727,10/12/2022,3Yr,4.29,0
1728,10/13/2022,3Yr,4.44,0
1729,10/14/2022,3Yr,4.47,0
1730,10/17/2022,3Yr,4.45,0
1731,10/18/2022,3Yr,4.43,0
1732,10/19/2022,3Yr,4.56,0
1733,10/20/2022,3Yr,4.66,0
1734,10/21/2022,3Yr,4.52,0
1735,10/24/2022,3Yr,4.52,0
1736,10/25/2022,3Yr,4.45,0
1737,10/26/2022,3Yr,4.41,0
1738,10/27/2022,3Yr,4.29,0
1739,10/28/2022,3Yr,4.38,0
1740,10/31/2022,3Yr,4.45,0
1741,11/01/2022,3Yr,4.48,0
1742,11/02/2022,3Yr,4.54,0
1743,11/03/2022,3Yr,4.63,0
1744,11/04/2022,3Yr,4.58,0
1745,11/07/2022,3Yr,4.63,0
1746,11/08/2022,3Yr,4.55,0
1747,11/09/2022,3Yr,4.49,0
1748,11/10/2022,3Yr,4.17,0
1749,11/14/2022,3Yr,4.24,0
1750,11/15/2022,3Yr,4.17,0
1751,11/16/2022,3Yr,4.13,0
1752,01/03/2022,5Yr,1.37,0
1753,01/04/2022,5Yr,1.37,0
1754,01/05/2022,5Yr,1.43,0
1755,01/06/2022,5Yr,1.47,0
1756,01/07/2022,5Yr,1.5,0
1757,01/10/2022,5Yr,1.53,0
1758,01/11/2022,5Yr,1.51,0
1759,01/12/2022,5Yr,1.5,0
1760,01/13/2022,5Yr,1.47,0
1761,01/14/2022,5Yr,1.55,0
1762,01/18/2022,5Yr,1.65,0
1763,01/19/2022,5Yr,1.62,0
1764,01/20/2022,5Yr,1.62,0
1765,01/21/2022,5Yr,1.54,0
1766,01/24/2022,5Yr,1.53,0
1767,01/25/2022,5Yr,1.56,0
1768,01/26/2022,5Yr,1.66,0
1769,01/27/2022,5Yr,1.66,0
1770,01/28/2022,5Yr,1.61,0
1771,01/31/2022,5Yr,1.62,0
1772,02/01/2022,5Yr,1.63,0
1773,02/02/2022,5Yr,1.6,0
1774,02/03/2022,5Yr,1.66,0
1775,02/04/2022,5Yr,1.78,0
1776,02/07/2022,5Yr,1.76,0
1777,02/08/2022,5Yr,1.81,0
1778,02/09/2022,5Yr,1.82,0
1779,02/10/2022,5Yr,1.96,0
1780,02/11/2022,5Yr,1.84,0
1781,02/14/2022,5Yr,1.9,0
1782,02/15/2022,5Yr,1.94,0
1783,02/16/2022,5Yr,1.9,0
1784,02/17/2022,5Yr,1.85,0
1785,02/18/2022,5Yr,1.82,0
1786,02/22/2022,5Yr,1.85,0
1787,02/23/2022,5Yr,1.89,0
1788,02/24/2022,5Yr,1.84,0
1789,02/25/2022,5Yr,1.86,0
1790,02/28/2022,5Yr,1.71,0
1791,03/01/2022,5Yr,1.56,0
1792,03/02/2022,5Yr,1.74,0
1793,03/03/2022,5Yr,1.74,0
1794,03/04/2022,5Yr,1.65,0
1795,03/07/2022,5Yr,1.71,0
1796,03/08/2022,5Yr,1.8,0
1797,03/09/2022,5Yr,1.87,0
1798,03/10/2022,5Yr,1.92,0
1799,03/11/2022,5Yr,1.96,0
1800,03/14/2022,5Yr,2.1,0
1801,03/15/2022,5Yr,2.1,0
1802,03/16/2022,5Yr,2.18,0
1803,03/17/2022,5Yr,2.17,0
1804,03/18/2022,5Yr,2.14,0
1805,03/21/2022,5Yr,2.33,0
1806,03/22/2022,5Yr,2.39,0
1807,03/23/2022,5Yr,2.34,0
1808,03/24/2022,5Yr,2.37,0
1809,03/25/2022,5Yr,2.55,0
1810,03/28/2022,5Yr,2.54,0
1811,03/29/2022,5Yr,2.49,0
1812,03/30/2022,5Yr,2.44,0
1813,03/31/2022,5Yr,2.42,0
1814,04/01/2022,5Yr,2.55,0
1815,04/04/2022,5Yr,2.56,0
1816,04/05/2022,5Yr,2.69,0
1817,04/06/2022,5Yr,2.7,0
1818,04/07/2022,5Yr,2.7,0
1819,04/08/2022,5Yr,2.76,0
1820,04/11/2022,5Yr,2.79,0
1821,04/12/2022,5Yr,2.66,0
1822,04/13/2022,5Yr,2.66,0
1823,04/14/2022,5Yr,2.79,0
1824,04/18/2022,5Yr,2.79,0
1825,04/19/2022,5Yr,2.91,0
1826,04/20/2022,5Yr,2.87,0
1827,04/21/2022,5Yr,2.96,0
1828,04/22/2022,5Yr,2.94,0
1829,04/25/2022,5Yr,2.84,0
1830,04/26/2022,5Yr,2.79,0
1831,04/27/2022,5Yr,2.81,0
1832,04/28/2022,5Yr,2.86,0
1833,04/29/2022,5Yr,2.92,0
1834,05/02/2022,5Yr,3.01,0
1835,05/03/2022,5Yr,3.01,0
1836,05/04/2022,5Yr,2.93,0
1837,05/05/2022,5Yr,3.01,0
1838,05/06/2022,5Yr,3.06,0
1839,05/09/2022,5Yr,2.95,0
1840,05/10/2022,5Yr,2.91,0
1841,05/11/2022,5Yr,2.89,0
1842,05/12/2022,5Yr,2.81,0
1843,05/13/2022,5Yr,2.89,0
1844,05/16/2022,5Yr,2.83,0
1845,05/17/2022,5Yr,2.96,0
1846,05/18/2022,5Yr,2.89,0
1847,05/19/2022,5Yr,2.84,0
1848,05/20/2022,5Yr,2.8,0
1849,05/23/2022,5Yr,2.88,0
1850,05/24/2022,5Yr,2.76,0
1851,05/25/2022,5Yr,2.71,0
1852,05/26/2022,5Yr,2.7,0
1853,05/27/2022,5Yr,2.71,0
1854,05/31/2022,5Yr,2.81,0
1855,06/01/2022,5Yr,2.94,0
1856,06/02/2022,5Yr,2.92,0
1857,06/03/2022,5Yr,2.95,0
1858,06/06/2022,5Yr,3.03,0
1859,06/07/2022,5Yr,2.99,0
1860,06/08/2022,5Yr,3.03,0
1861,06/09/2022,5Yr,3.07,0
1862,06/10/2022,5Yr,3.25,0
1863,06/13/2022,5Yr,3.56,0
1864,06/14/2022,5Yr,3.61,0
1865,06/15/2022,5Yr,3.38,0
1866,06/16/2022,5Yr,3.35,0
1867,06/17/2022,5Yr,3.34,0
1868,06/21/2022,5Yr,3.38,0
1869,06/22/2022,5Yr,3.22,0
1870,06/23/2022,5Yr,3.14,0
1871,06/24/2022,5Yr,3.18,0
1872,06/27/2022,5Yr,3.24,0
1873,06/28/2022,5Yr,3.25,0
1874,06/29/2022,5Yr,3.15,0
1875,06/30/2022,5Yr,3.01,0
1876,07/01/2022,5Yr,2.88,0
1877,07/05/2022,5Yr,2.82,0
1878,07/06/2022,5Yr,2.96,0
1879,07/07/2022,5Yr,3.05,0
1880,07/08/2022,5Yr,3.13,0
1881,07/11/2022,5Yr,3.05,0
1882,07/12/2022,5Yr,3.01,0
1883,07/13/2022,5Yr,3.02,0
1884,07/14/2022,5Yr,3.06,0
1885,07/15/2022,5Yr,3.05,0
1886,07/18/2022,5Yr,3.06,0
1887,07/19/2022,5Yr,3.14,0
1888,07/20/2022,5Yr,3.18,0
1889,07/21/2022,5Yr,3.0,0
1890,07/22/2022,5Yr,2.87,0
1891,07/25/2022,5Yr,2.89,0
1892,07/26/2022,5Yr,2.89,0
1893,07/27/2022,5Yr,2.82,0
1894,07/28/2022,5Yr,2.69,0
1895,07/29/2022,5Yr,2.7,0
1896,08/01/2022,5Yr,2.66,0
1897,08/02/2022,5Yr,2.85,0
1898,08/03/2022,5Yr,2.86,0
1899,08/04/2022,5Yr,2.76,0
1900,08/05/2022,5Yr,2.97,0
1901,08/08/2022,5Yr,2.91,0
1902,08/09/2022,5Yr,2.97,0
1903,08/10/2022,5Yr,2.93,0
1904,08/11/2022,5Yr,2.98,0
1905,08/12/2022,5Yr,2.97,0
1906,08/15/2022,5Yr,2.91,0
1907,08/16/2022,5Yr,2.95,0
1908,08/17/2022,5Yr,3.04,0
1909,08/18/2022,5Yr,3.02,0
1910,08/19/2022,5Yr,3.11,0
1911,08/22/2022,5Yr,3.17,0
1912,08/23/2022,5Yr,3.18,0
1913,08/24/2022,5Yr,3.2,0
1914,08/25/2022,5Yr,3.15,0
1915,08/26/2022,5Yr,3.2,0
1916,08/29/2022,5Yr,3.27,0
1917,08/30/2022,5Yr,3.27,0
1918,08/31/2022,5Yr,3.3,0
1919,09/01/2022,5Yr,3.39,0
1920,09/02/2022,5Yr,3.3,0
1921,09/06/2022,5Yr,3.43,0
1922,09/07/2022,5Yr,3.37,0
1923,09/08/2022,5Yr,3.39,0
1924,09/09/2022,5Yr,3.45,0
1925,09/12/2022,5Yr,3.47,0
1926,09/13/2022,5Yr,3.58,0
1927,09/14/2022,5Yr,3.6,0
1928,09/15/2022,5Yr,3.66,0
1929,09/16/2022,5Yr,3.62,0
1930,09/19/2022,5Yr,3.69,0
1931,09/20/2022,5Yr,3.75,0
1932,09/21/2022,5Yr,3.74,0
1933,09/22/2022,5Yr,3.91,0
1934,09/23/2022,5Yr,3.96,0
1935,09/26/2022,5Yr,4.15,0
1936,09/27/2022,5Yr,4.21,0
1937,09/28/2022,5Yr,3.92,0
1938,09/29/2022,5Yr,3.98,0
1939,09/30/2022,5Yr,4.06,0
1940,10/03/2022,5Yr,3.9,0
1941,10/04/2022,5Yr,3.84,0
1942,10/05/2022,5Yr,3.96,0
1943,10/06/2022,5Yr,4.05,0
1944,10/07/2022,5Yr,4.14,0
1945,10/11/2022,5Yr,4.14,0
1946,10/12/2022,5Yr,4.12,0
1947,10/13/2022,5Yr,4.21,0
1948,10/14/2022,5Yr,4.25,0
1949,10/17/2022,5Yr,4.24,0
1950,10/18/2022,5Yr,4.21,0
1951,10/19/2022,5Yr,4.35,0
1952,10/20/2022,5Yr,4.45,0
1953,10/21/2022,5Yr,4.34,0
1954,10/24/2022,5Yr,4.36,0
1955,10/25/2022,5Yr,4.25,0
1956,10/26/2022,5Yr,4.2,0
1957,10/27/2022,5Yr,4.09,0
1958,10/28/2022,5Yr,4.19,0
1959,10/31/2022,5Yr,4.27,0
1960,11/01/2022,5Yr,4.27,0
1961,11/02/2022,5Yr,4.3,0
1962,11/03/2022,5Yr,4.36,0
1963,11/04/2022,5Yr,4.33,0
1964,11/07/2022,5Yr,4.39,0
1965,11/08/2022,5Yr,4.31,0
1966,11/09/2022,5Yr,4.27,0
1967,11/10/2022,5Yr,3.95,0
1968,11/14/2022,5Yr,4.0,0
1969,11/15/2022,5Yr,3.93,0
1970,11/16/2022,5Yr,3.83,0
1971,01/03/2022,7Yr,1.55,0
1972,01/04/2022,7Yr,1.57,0
1973,01/05/2022,7Yr,1.62,0
1974,01/06/2022,7Yr,1.66,0
1975,01/07/2022,7Yr,1.69,0
1976,01/10/2022,7Yr,1.71,0
1977,01/11/2022,7Yr,1.69,0
1978,01/12/2022,7Yr,1.67,0
1979,01/13/2022,7Yr,1.64,0
1980,01/14/2022,7Yr,1.72,0
1981,01/18/2022,7Yr,1.82,0
1982,01/19/2022,7Yr,1.78,0
1983,01/20/2022,7Yr,1.77,0
1984,01/21/2022,7Yr,1.7,0
1985,01/24/2022,7Yr,1.69,0
1986,01/25/2022,7Yr,1.73,0
1987,01/26/2022,7Yr,1.81,0
1988,01/27/2022,7Yr,1.78,0
1989,01/28/2022,7Yr,1.74,0
1990,01/31/2022,7Yr,1.75,0
1991,02/01/2022,7Yr,1.76,0
1992,02/02/2022,7Yr,1.74,0
1993,02/03/2022,7Yr,1.78,0
1994,02/04/2022,7Yr,1.9,0
1995,02/07/2022,7Yr,1.88,0
1996,02/08/2022,7Yr,1.93,0
1997,02/09/2022,7Yr,1.92,0
1998,02/10/2022,7Yr,2.03,0
1999,02/11/2022,7Yr,1.92,0
2000,02/14/2022,7Yr,1.98,0
2001,02/15/2022,7Yr,2.03,0
2002,02/16/2022,7Yr,2.0,0
2003,02/17/2022,7Yr,1.94,0
2004,02/18/2022,7Yr,1.9,0
2005,02/22/2022,7Yr,1.93,0
2006,02/23/2022,7Yr,1.98,0
2007,02/24/2022,7Yr,1.94,0
2008,02/25/2022,7Yr,1.96,0
2009,02/28/2022,7Yr,1.81,0
2010,03/01/2022,7Yr,1.67,0
2011,03/02/2022,7Yr,1.83,0
2012,03/03/2022,7Yr,1.82,0
2013,03/04/2022,7Yr,1.7,0
2014,03/07/2022,7Yr,1.77,0
2015,03/08/2022,7Yr,1.85,0
2016,03/09/2022,7Yr,1.92,0
2017,03/10/2022,7Yr,1.98,0
2018,03/11/2022,7Yr,2.01,0
2019,03/14/2022,7Yr,2.16,0
2020,03/15/2022,7Yr,2.16,0
2021,03/16/2022,7Yr,2.22,0
2022,03/17/2022,7Yr,2.22,0
2023,03/18/2022,7Yr,2.17,0
2024,03/21/2022,7Yr,2.36,0
2025,03/22/2022,7Yr,2.42,0
2026,03/23/2022,7Yr,2.37,0
2027,03/24/2022,7Yr,2.39,0
2028,03/25/2022,7Yr,2.56,0
2029,03/28/2022,7Yr,2.55,0
2030,03/29/2022,7Yr,2.5,0
2031,03/30/2022,7Yr,2.43,0
2032,03/31/2022,7Yr,2.4,0
2033,04/01/2022,7Yr,2.5,0
2034,04/04/2022,7Yr,2.52,0
2035,04/05/2022,7Yr,2.65,0
2036,04/06/2022,7Yr,2.69,0
2037,04/07/2022,7Yr,2.73,0
2038,04/08/2022,7Yr,2.79,0
2039,04/11/2022,7Yr,2.84,0
2040,04/12/2022,7Yr,2.73,0
2041,04/13/2022,7Yr,2.71,0
2042,04/14/2022,7Yr,2.84,0
2043,04/18/2022,7Yr,2.85,0
2044,04/19/2022,7Yr,2.95,0
2045,04/20/2022,7Yr,2.88,0
2046,04/21/2022,7Yr,2.96,0
2047,04/22/2022,7Yr,2.95,0
2048,04/25/2022,7Yr,2.85,0
2049,04/26/2022,7Yr,2.8,0
2050,04/27/2022,7Yr,2.84,0
2051,04/28/2022,7Yr,2.88,0
2052,04/29/2022,7Yr,2.94,0
2053,05/02/2022,7Yr,3.04,0
2054,05/03/2022,7Yr,3.03,0
2055,05/04/2022,7Yr,2.97,0
2056,05/05/2022,7Yr,3.07,0
2057,05/06/2022,7Yr,3.13,0
2058,05/09/2022,7Yr,3.04,0
2059,05/10/2022,7Yr,2.99,0
2060,05/11/2022,7Yr,2.94,0
2061,05/12/2022,7Yr,2.86,0
2062,05/13/2022,7Yr,2.95,0
2063,05/16/2022,7Yr,2.89,0
2064,05/17/2022,7Yr,3.0,0
2065,05/18/2022,7Yr,2.91,0
2066,05/19/2022,7Yr,2.87,0
2067,05/20/2022,7Yr,2.82,0
2068,05/23/2022,7Yr,2.9,0
2069,05/24/2022,7Yr,2.8,0
2070,05/25/2022,7Yr,2.76,0
2071,05/26/2022,7Yr,2.75,0
2072,05/27/2022,7Yr,2.76,0
2073,05/31/2022,7Yr,2.87,0
2074,06/01/2022,7Yr,2.98,0
2075,06/02/2022,7Yr,2.95,0
2076,06/03/2022,7Yr,2.99,0
2077,06/06/2022,7Yr,3.07,0
2078,06/07/2022,7Yr,3.02,0
2079,06/08/2022,7Yr,3.06,0
2080,06/09/2022,7Yr,3.08,0
2081,06/10/2022,7Yr,3.24,0
2082,06/13/2022,7Yr,3.53,0
2083,06/14/2022,7Yr,3.6,0
2084,06/15/2022,7Yr,3.39,0
2085,06/16/2022,7Yr,3.36,0
2086,06/17/2022,7Yr,3.34,0
2087,06/21/2022,7Yr,3.39,0
2088,06/22/2022,7Yr,3.24,0
2089,06/23/2022,7Yr,3.16,0
2090,06/24/2022,7Yr,3.19,0
2091,06/27/2022,7Yr,3.27,0
2092,06/28/2022,7Yr,3.27,0
2093,06/29/2022,7Yr,3.17,0
2094,06/30/2022,7Yr,3.04,0
2095,07/01/2022,7Yr,2.92,0
2096,07/05/2022,7Yr,2.87,0
2097,07/06/2022,7Yr,2.99,0
2098,07/07/2022,7Yr,3.07,0
2099,07/08/2022,7Yr,3.16,0
2100,07/11/2022,7Yr,3.06,0
2101,07/12/2022,7Yr,3.01,0
2102,07/13/2022,7Yr,3.0,0
2103,07/14/2022,7Yr,3.05,0
2104,07/15/2022,7Yr,3.03,0
2105,07/18/2022,7Yr,3.05,0
2106,07/19/2022,7Yr,3.11,0
2107,07/20/2022,7Yr,3.15,0
2108,07/21/2022,7Yr,2.99,0
2109,07/22/2022,7Yr,2.85,0
2110,07/25/2022,7Yr,2.89,0
2111,07/26/2022,7Yr,2.88,0
2112,07/27/2022,7Yr,2.83,0
2113,07/28/2022,7Yr,2.69,0
2114,07/29/2022,7Yr,2.7,0
2115,08/01/2022,7Yr,2.64,0
2116,08/02/2022,7Yr,2.82,0
2117,08/03/2022,7Yr,2.81,0
2118,08/04/2022,7Yr,2.73,0
2119,08/05/2022,7Yr,2.91,0
2120,08/08/2022,7Yr,2.85,0
2121,08/09/2022,7Yr,2.89,0
2122,08/10/2022,7Yr,2.86,0
2123,08/11/2022,7Yr,2.94,0
2124,08/12/2022,7Yr,2.92,0
2125,08/15/2022,7Yr,2.86,0
2126,08/16/2022,7Yr,2.9,0
2127,08/17/2022,7Yr,2.99,0
2128,08/18/2022,7Yr,2.97,0
2129,08/19/2022,7Yr,3.06,0
2130,08/22/2022,7Yr,3.12,0
2131,08/23/2022,7Yr,3.14,0
2132,08/24/2022,7Yr,3.2,0
2133,08/25/2022,7Yr,3.11,0
2134,08/26/2022,7Yr,3.14,0
2135,08/29/2022,7Yr,3.21,0
2136,08/30/2022,7Yr,3.22,0
2137,08/31/2022,7Yr,3.25,0
2138,09/01/2022,7Yr,3.36,0
2139,09/02/2022,7Yr,3.29,0
2140,09/06/2022,7Yr,3.41,0
2141,09/07/2022,7Yr,3.35,0
2142,09/08/2022,7Yr,3.37,0
2143,09/09/2022,7Yr,3.42,0
2144,09/12/2022,7Yr,3.45,0
2145,09/13/2022,7Yr,3.53,0
2146,09/14/2022,7Yr,3.52,0
2147,09/15/2022,7Yr,3.59,0
2148,09/16/2022,7Yr,3.56,0
2149,09/19/2022,7Yr,3.62,0
2150,09/20/2022,7Yr,3.69,0
2151,09/21/2022,7Yr,3.65,0
2152,09/22/2022,7Yr,3.84,0
2153,09/23/2022,7Yr,3.85,0
2154,09/26/2022,7Yr,4.06,0
2155,09/27/2022,7Yr,4.14,0
2156,09/28/2022,7Yr,3.83,0
2157,09/29/2022,7Yr,3.89,0
2158,09/30/2022,7Yr,3.97,0
2159,10/03/2022,7Yr,3.79,0
2160,10/04/2022,7Yr,3.73,0
2161,10/05/2022,7Yr,3.87,0
2162,10/06/2022,7Yr,3.95,0
2163,10/07/2022,7Yr,4.03,0
2164,10/11/2022,7Yr,4.06,0
2165,10/12/2022,7Yr,4.03,0
2166,10/13/2022,7Yr,4.11,0
2167,10/14/2022,7Yr,4.15,0
2168,10/17/2022,7Yr,4.15,0
2169,10/18/2022,7Yr,4.12,0
2170,10/19/2022,7Yr,4.26,0
2171,10/20/2022,7Yr,4.36,0
2172,10/21/2022,7Yr,4.28,0
2173,10/24/2022,7Yr,4.31,0
2174,10/25/2022,7Yr,4.17,0
2175,10/26/2022,7Yr,4.12,0
2176,10/27/2022,7Yr,4.01,0
2177,10/28/2022,7Yr,4.1,0
2178,10/31/2022,7Yr,4.18,0
2179,11/01/2022,7Yr,4.18,0
2180,11/02/2022,7Yr,4.2,0
2181,11/03/2022,7Yr,4.26,0
2182,11/04/2022,7Yr,4.26,0
2183,11/07/2022,7Yr,4.31,0
2184,11/08/2022,7Yr,4.22,0
2185,11/09/2022,7Yr,4.2,0
2186,11/10/2022,7Yr,3.89,0
2187,11/14/2022,7Yr,3.95,0
2188,11/15/2022,7Yr,3.88,0
2189,11/16/2022,7Yr,3.77,0
2190,01/03/2022,10Yr,1.63,0
2191,01/04/2022,10Yr,1.66,0
2192,01/05/2022,10Yr,1.71,0
2193,01/06/2022,10Yr,1.73,0
2194,01/07/2022,10Yr,1.76,0
2195,01/10/2022,10Yr,1.78,0
2196,01/11/2022,10Yr,1.75,0
2197,01/12/2022,10Yr,1.74,0
2198,01/13/2022,10Yr,1.7,0
2199,01/14/2022,10Yr,1.78,0
2200,01/18/2022,10Yr,1.87,0
2201,01/19/2022,10Yr,1.83,0
2202,01/20/2022,10Yr,1.83,0
2203,01/21/2022,10Yr,1.75,0
2204,01/24/2022,10Yr,1.75,0
2205,01/25/2022,10Yr,1.78,0
2206,01/26/2022,10Yr,1.85,0
2207,01/27/2022,10Yr,1.81,0
2208,01/28/2022,10Yr,1.78,0
2209,01/31/2022,10Yr,1.79,0
2210,02/01/2022,10Yr,1.81,0
2211,02/02/2022,10Yr,1.78,0
2212,02/03/2022,10Yr,1.82,0
2213,02/04/2022,10Yr,1.93,0
2214,02/07/2022,10Yr,1.92,0
2215,02/08/2022,10Yr,1.96,0
2216,02/09/2022,10Yr,1.94,0
2217,02/10/2022,10Yr,2.03,0
2218,02/11/2022,10Yr,1.92,0
2219,02/14/2022,10Yr,1.98,0
2220,02/15/2022,10Yr,2.05,0
2221,02/16/2022,10Yr,2.03,0
2222,02/17/2022,10Yr,1.97,0
2223,02/18/2022,10Yr,1.92,0
2224,02/22/2022,10Yr,1.94,0
2225,02/23/2022,10Yr,1.99,0
2226,02/24/2022,10Yr,1.96,0
2227,02/25/2022,10Yr,1.97,0
2228,02/28/2022,10Yr,1.83,0
2229,03/01/2022,10Yr,1.72,0
2230,03/02/2022,10Yr,1.86,0
2231,03/03/2022,10Yr,1.86,0
2232,03/04/2022,10Yr,1.74,0
2233,03/07/2022,10Yr,1.78,0
2234,03/08/2022,10Yr,1.86,0
2235,03/09/2022,10Yr,1.94,0
2236,03/10/2022,10Yr,1.98,0
2237,03/11/2022,10Yr,2.0,0
2238,03/14/2022,10Yr,2.14,0
2239,03/15/2022,10Yr,2.15,0
2240,03/16/2022,10Yr,2.19,0
2241,03/17/2022,10Yr,2.2,0
2242,03/18/2022,10Yr,2.14,0
2243,03/21/2022,10Yr,2.32,0
2244,03/22/2022,10Yr,2.38,0
2245,03/23/2022,10Yr,2.32,0
2246,03/24/2022,10Yr,2.34,0
2247,03/25/2022,10Yr,2.48,0
2248,03/28/2022,10Yr,2.46,0
2249,03/29/2022,10Yr,2.41,0
2250,03/30/2022,10Yr,2.35,0
2251,03/31/2022,10Yr,2.32,0
2252,04/01/2022,10Yr,2.39,0
2253,04/04/2022,10Yr,2.42,0
2254,04/05/2022,10Yr,2.54,0
2255,04/06/2022,10Yr,2.61,0
2256,04/07/2022,10Yr,2.66,0
2257,04/08/2022,10Yr,2.72,0
2258,04/11/2022,10Yr,2.79,0
2259,04/12/2022,10Yr,2.72,0
2260,04/13/2022,10Yr,2.7,0
2261,04/14/2022,10Yr,2.83,0
2262,04/18/2022,10Yr,2.85,0
2263,04/19/2022,10Yr,2.93,0
2264,04/20/2022,10Yr,2.85,0
2265,04/21/2022,10Yr,2.9,0
2266,04/22/2022,10Yr,2.9,0
2267,04/25/2022,10Yr,2.81,0
2268,04/26/2022,10Yr,2.77,0
2269,04/27/2022,10Yr,2.82,0
2270,04/28/2022,10Yr,2.85,0
2271,04/29/2022,10Yr,2.89,0
2272,05/02/2022,10Yr,2.99,0
2273,05/03/2022,10Yr,2.97,0
2274,05/04/2022,10Yr,2.93,0
2275,05/05/2022,10Yr,3.05,0
2276,05/06/2022,10Yr,3.12,0
2277,05/09/2022,10Yr,3.05,0
2278,05/10/2022,10Yr,2.99,0
2279,05/11/2022,10Yr,2.91,0
2280,05/12/2022,10Yr,2.84,0
2281,05/13/2022,10Yr,2.93,0
2282,05/16/2022,10Yr,2.88,0
2283,05/17/2022,10Yr,2.98,0
2284,05/18/2022,10Yr,2.89,0
2285,05/19/2022,10Yr,2.84,0
2286,05/20/2022,10Yr,2.78,0
2287,05/23/2022,10Yr,2.86,0
2288,05/24/2022,10Yr,2.76,0
2289,05/25/2022,10Yr,2.75,0
2290,05/26/2022,10Yr,2.75,0
2291,05/27/2022,10Yr,2.74,0
2292,05/31/2022,10Yr,2.85,0
2293,06/01/2022,10Yr,2.94,0
2294,06/02/2022,10Yr,2.92,0
2295,06/03/2022,10Yr,2.96,0
2296,06/06/2022,10Yr,3.04,0
2297,06/07/2022,10Yr,2.98,0
2298,06/08/2022,10Yr,3.03,0
2299,06/09/2022,10Yr,3.04,0
2300,06/10/2022,10Yr,3.15,0
2301,06/13/2022,10Yr,3.43,0
2302,06/14/2022,10Yr,3.49,0
2303,06/15/2022,10Yr,3.33,0
2304,06/16/2022,10Yr,3.28,0
2305,06/17/2022,10Yr,3.25,0
2306,06/21/2022,10Yr,3.31,0
2307,06/22/2022,10Yr,3.16,0
2308,06/23/2022,10Yr,3.09,0
2309,06/24/2022,10Yr,3.13,0
2310,06/27/2022,10Yr,3.2,0
2311,06/28/2022,10Yr,3.2,0
2312,06/29/2022,10Yr,3.1,0
2313,06/30/2022,10Yr,2.98,0
2314,07/01/2022,10Yr,2.88,0
2315,07/05/2022,10Yr,2.82,0
2316,07/06/2022,10Yr,2.93,0
2317,07/07/2022,10Yr,3.01,0
2318,07/08/2022,10Yr,3.09,0
2319,07/11/2022,10Yr,2.99,0
2320,07/12/2022,10Yr,2.96,0
2321,07/13/2022,10Yr,2.91,0
2322,07/14/2022,10Yr,2.96,0
2323,07/15/2022,10Yr,2.93,0
2324,07/18/2022,10Yr,2.96,0
2325,07/19/2022,10Yr,3.01,0
2326,07/20/2022,10Yr,3.04,0
2327,07/21/2022,10Yr,2.91,0
2328,07/22/2022,10Yr,2.77,0
2329,07/25/2022,10Yr,2.81,0
2330,07/26/2022,10Yr,2.81,0
2331,07/27/2022,10Yr,2.78,0
2332,07/28/2022,10Yr,2.68,0
2333,07/29/2022,10Yr,2.67,0
2334,08/01/2022,10Yr,2.6,0
2335,08/02/2022,10Yr,2.75,0
2336,08/03/2022,10Yr,2.73,0
2337,08/04/2022,10Yr,2.68,0
2338,08/05/2022,10Yr,2.83,0
2339,08/08/2022,10Yr,2.77,0
2340,08/09/2022,10Yr,2.8,0
2341,08/10/2022,10Yr,2.78,0
2342,08/11/2022,10Yr,2.87,0
2343,08/12/2022,10Yr,2.84,0
2344,08/15/2022,10Yr,2.79,0
2345,08/16/2022,10Yr,2.82,0
2346,08/17/2022,10Yr,2.89,0
2347,08/18/2022,10Yr,2.88,0
2348,08/19/2022,10Yr,2.98,0
2349,08/22/2022,10Yr,3.03,0
2350,08/23/2022,10Yr,3.05,0
2351,08/24/2022,10Yr,3.11,0
2352,08/25/2022,10Yr,3.03,0
2353,08/26/2022,10Yr,3.04,0
2354,08/29/2022,10Yr,3.12,0
2355,08/30/2022,10Yr,3.11,0
2356,08/31/2022,10Yr,3.15,0
2357,09/01/2022,10Yr,3.26,0
2358,09/02/2022,10Yr,3.2,0
2359,09/06/2022,10Yr,3.33,0
2360,09/07/2022,10Yr,3.27,0
2361,09/08/2022,10Yr,3.29,0
2362,09/09/2022,10Yr,3.33,0
2363,09/12/2022,10Yr,3.37,0
2364,09/13/2022,10Yr,3.42,0
2365,09/14/2022,10Yr,3.41,0
2366,09/15/2022,10Yr,3.45,0
2367,09/16/2022,10Yr,3.45,0
2368,09/19/2022,10Yr,3.49,0
2369,09/20/2022,10Yr,3.57,0
2370,09/21/2022,10Yr,3.51,0
2371,09/22/2022,10Yr,3.7,0
2372,09/23/2022,10Yr,3.69,0
2373,09/26/2022,10Yr,3.88,0
2374,09/27/2022,10Yr,3.97,0
2375,09/28/2022,10Yr,3.72,0
2376,09/29/2022,10Yr,3.76,0
2377,09/30/2022,10Yr,3.83,0
2378,10/03/2022,10Yr,3.67,0
2379,10/04/2022,10Yr,3.62,0
2380,10/05/2022,10Yr,3.76,0
2381,10/06/2022,10Yr,3.83,0
2382,10/07/2022,10Yr,3.89,0
2383,10/11/2022,10Yr,3.93,0
2384,10/12/2022,10Yr,3.91,0
2385,10/13/2022,10Yr,3.97,0
2386,10/14/2022,10Yr,4.0,0
2387,10/17/2022,10Yr,4.02,0
2388,10/18/2022,10Yr,4.01,0
2389,10/19/2022,10Yr,4.14,0
2390,10/20/2022,10Yr,4.24,0
2391,10/21/2022,10Yr,4.21,0
2392,10/24/2022,10Yr,4.25,0
2393,10/25/2022,10Yr,4.1,0
2394,10/26/2022,10Yr,4.04,0
2395,10/27/2022,10Yr,3.96,0
2396,10/28/2022,10Yr,4.02,0
2397,10/31/2022,10Yr,4.1,0
2398,11/01/2022,10Yr,4.07,0
2399,11/02/2022,10Yr,4.1,0
2400,11/03/2022,10Yr,4.14,0
2401,11/04/2022,10Yr,4.17,0
2402,11/07/2022,10Yr,4.22,0
2403,11/08/2022,10Yr,4.14,0
2404,11/09/2022,10Yr,4.12,0
2405,11/10/2022,10Yr,3.82,0
2406,11/14/2022,10Yr,3.88,0
2407,11/15/2022,10Yr,3.8,0
2408,11/16/2022,10Yr,3.67,0
2409,01/03/2022,20Yr,2.05,0
2410,01/04/2022,20Yr,2.1,0
2411,01/05/2022,20Yr,2.12,0
2412,01/06/2022,20Yr,2.12,0
2413,01/07/2022,20Yr,2.15,0
2414,01/10/2022,20Yr,2.15,0
2415,01/11/2022,20Yr,2.13,0
2416,01/12/2022,20Yr,2.13,0
2417,01/13/2022,20Yr,2.1,0
2418,01/14/2022,20Yr,2.18,0
2419,01/18/2022,20Yr,2.24,0
2420,01/19/2022,20Yr,2.2,0
2421,01/20/2022,20Yr,2.19,0
2422,01/21/2022,20Yr,2.13,0
2423,01/24/2022,20Yr,2.15,0
2424,01/25/2022,20Yr,2.18,0
2425,01/26/2022,20Yr,2.22,0
2426,01/27/2022,20Yr,2.17,0
2427,01/28/2022,20Yr,2.14,0
2428,01/31/2022,20Yr,2.17,0
2429,02/01/2022,20Yr,2.19,0
2430,02/02/2022,20Yr,2.17,0
2431,02/03/2022,20Yr,2.2,0
2432,02/04/2022,20Yr,2.29,0
2433,02/07/2022,20Yr,2.28,0
2434,02/08/2022,20Yr,2.31,0
2435,02/09/2022,20Yr,2.31,0
2436,02/10/2022,20Yr,2.37,0
2437,02/11/2022,20Yr,2.3,0
2438,02/14/2022,20Yr,2.35,0
2439,02/15/2022,20Yr,2.42,0
2440,02/16/2022,20Yr,2.39,0
2441,02/17/2022,20Yr,2.35,0
2442,02/18/2022,20Yr,2.3,0
2443,02/22/2022,20Yr,2.31,0
2444,02/23/2022,20Yr,2.36,0
2445,02/24/2022,20Yr,2.36,0
2446,02/25/2022,20Yr,2.37,0
2447,02/28/2022,20Yr,2.25,0
2448,03/01/2022,20Yr,2.19,0
2449,03/02/2022,20Yr,2.32,0
2450,03/03/2022,20Yr,2.32,0
2451,03/04/2022,20Yr,2.23,0
2452,03/07/2022,20Yr,2.29,0
2453,03/08/2022,20Yr,2.34,0
2454,03/09/2022,20Yr,2.38,0
2455,03/10/2022,20Yr,2.45,0
2456,03/11/2022,20Yr,2.45,0
2457,03/14/2022,20Yr,2.56,0
2458,03/15/2022,20Yr,2.57,0
2459,03/16/2022,20Yr,2.56,0
2460,03/17/2022,20Yr,2.6,0
2461,03/18/2022,20Yr,2.53,0
2462,03/21/2022,20Yr,2.67,0
2463,03/22/2022,20Yr,2.71,0
2464,03/23/2022,20Yr,2.65,0
2465,03/24/2022,20Yr,2.63,0
2466,03/25/2022,20Yr,2.74,0
2467,03/28/2022,20Yr,2.72,0
2468,03/29/2022,20Yr,2.68,0
2469,03/30/2022,20Yr,2.63,0
2470,03/31/2022,20Yr,2.59,0
2471,04/01/2022,20Yr,2.6,0
2472,04/04/2022,20Yr,2.64,0
2473,04/05/2022,20Yr,2.74,0
2474,04/06/2022,20Yr,2.81,0
2475,04/07/2022,20Yr,2.87,0
2476,04/08/2022,20Yr,2.94,0
2477,04/11/2022,20Yr,3.02,0
2478,04/12/2022,20Yr,2.99,0
2479,04/13/2022,20Yr,2.97,0
2480,04/14/2022,20Yr,3.09,0
2481,04/18/2022,20Yr,3.12,0
2482,04/19/2022,20Yr,3.19,0
2483,04/20/2022,20Yr,3.08,0
2484,04/21/2022,20Yr,3.12,0
2485,04/22/2022,20Yr,3.14,0
2486,04/25/2022,20Yr,3.06,0
2487,04/26/2022,20Yr,3.03,0
2488,04/27/2022,20Yr,3.08,0
2489,04/28/2022,20Yr,3.1,0
2490,04/29/2022,20Yr,3.14,0
2491,05/02/2022,20Yr,3.26,0
2492,05/03/2022,20Yr,3.21,0
2493,05/04/2022,20Yr,3.21,0
2494,05/05/2022,20Yr,3.35,0
2495,05/06/2022,20Yr,3.43,0
2496,05/09/2022,20Yr,3.38,0
2497,05/10/2022,20Yr,3.31,0
2498,05/11/2022,20Yr,3.25,0
2499,05/12/2022,20Yr,3.22,0
2500,05/13/2022,20Yr,3.32,0
2501,05/16/2022,20Yr,3.3,0
2502,05/17/2022,20Yr,3.36,0
2503,05/18/2022,20Yr,3.24,0
2504,05/19/2022,20Yr,3.24,0
2505,05/20/2022,20Yr,3.17,0
2506,05/23/2022,20Yr,3.26,0
2507,05/24/2022,20Yr,3.16,0
2508,05/25/2022,20Yr,3.14,0
2509,05/26/2022,20Yr,3.18,0
2510,05/27/2022,20Yr,3.16,0
2511,05/31/2022,20Yr,3.28,0
2512,06/01/2022,20Yr,3.31,0
2513,06/02/2022,20Yr,3.3,0
2514,06/03/2022,20Yr,3.33,0
2515,06/06/2022,20Yr,3.41,0
2516,06/07/2022,20Yr,3.35,0
2517,06/08/2022,20Yr,3.4,0
2518,06/09/2022,20Yr,3.4,0
2519,06/10/2022,20Yr,3.45,0
2520,06/13/2022,20Yr,3.68,0
2521,06/14/2022,20Yr,3.72,0
2522,06/15/2022,20Yr,3.64,0
2523,06/16/2022,20Yr,3.59,0
2524,06/17/2022,20Yr,3.55,0
2525,06/21/2022,20Yr,3.63,0
2526,06/22/2022,20Yr,3.49,0
2527,06/23/2022,20Yr,3.45,0
2528,06/24/2022,20Yr,3.51,0
2529,06/27/2022,20Yr,3.56,0
2530,06/28/2022,20Yr,3.55,0
2531,06/29/2022,20Yr,3.46,0
2532,06/30/2022,20Yr,3.38,0
2533,07/01/2022,20Yr,3.35,0
2534,07/05/2022,20Yr,3.31,0
2535,07/06/2022,20Yr,3.42,0
2536,07/07/2022,20Yr,3.45,0
2537,07/08/2022,20Yr,3.53,0
2538,07/11/2022,20Yr,3.43,0
2539,07/12/2022,20Yr,3.37,0
2540,07/13/2022,20Yr,3.35,0
2541,07/14/2022,20Yr,3.36,0
2542,07/15/2022,20Yr,3.34,0
2543,07/18/2022,20Yr,3.39,0
2544,07/19/2022,20Yr,3.42,0
2545,07/20/2022,20Yr,3.43,0
2546,07/21/2022,20Yr,3.33,0
2547,07/22/2022,20Yr,3.23,0
2548,07/25/2022,20Yr,3.28,0
2549,07/26/2022,20Yr,3.27,0
2550,07/27/2022,20Yr,3.26,0
2551,07/28/2022,20Yr,3.23,0
2552,07/29/2022,20Yr,3.2,0
2553,08/01/2022,20Yr,3.12,0
2554,08/02/2022,20Yr,3.22,0
2555,08/03/2022,20Yr,3.17,0
2556,08/04/2022,20Yr,3.15,0
2557,08/05/2022,20Yr,3.27,0
2558,08/08/2022,20Yr,3.22,0
2559,08/09/2022,20Yr,3.24,0
2560,08/10/2022,20Yr,3.27,0
2561,08/11/2022,20Yr,3.38,0
2562,08/12/2022,20Yr,3.34,0
2563,08/15/2022,20Yr,3.31,0
2564,08/16/2022,20Yr,3.31,0
2565,08/17/2022,20Yr,3.37,0
2566,08/18/2022,20Yr,3.35,0
2567,08/19/2022,20Yr,3.44,0
2568,08/22/2022,20Yr,3.48,0
2569,08/23/2022,20Yr,3.49,0
2570,08/24/2022,20Yr,3.55,0
2571,08/25/2022,20Yr,3.47,0
2572,08/26/2022,20Yr,3.44,0
2573,08/29/2022,20Yr,3.5,0
2574,08/30/2022,20Yr,3.49,0
2575,08/31/2022,20Yr,3.53,0
2576,09/01/2022,20Yr,3.64,0
2577,09/02/2022,20Yr,3.61,0
2578,09/06/2022,20Yr,3.74,0
2579,09/07/2022,20Yr,3.67,0
2580,09/08/2022,20Yr,3.69,0
2581,09/09/2022,20Yr,3.71,0
2582,09/12/2022,20Yr,3.76,0
2583,09/13/2022,20Yr,3.75,0
2584,09/14/2022,20Yr,3.73,0
2585,09/15/2022,20Yr,3.75,0
2586,09/16/2022,20Yr,3.79,0
2587,09/19/2022,20Yr,3.77,0
2588,09/20/2022,20Yr,3.83,0
2589,09/21/2022,20Yr,3.73,0
2590,09/22/2022,20Yr,3.9,0
2591,09/23/2022,20Yr,3.87,0
2592,09/26/2022,20Yr,4.01,0
2593,09/27/2022,20Yr,4.15,0
2594,09/28/2022,20Yr,3.98,0
2595,09/29/2022,20Yr,4.0,0
2596,09/30/2022,20Yr,4.08,0
2597,10/03/2022,20Yr,4.0,0
2598,10/04/2022,20Yr,3.95,0
2599,10/05/2022,20Yr,4.05,0
2600,10/06/2022,20Yr,4.08,0
2601,10/07/2022,20Yr,4.13,0
2602,10/11/2022,20Yr,4.19,0
2603,10/12/2022,20Yr,4.18,0
2604,10/13/2022,20Yr,4.25,0
2605,10/14/2022,20Yr,4.26,0
2606,10/17/2022,20Yr,4.29,0
2607,10/18/2022,20Yr,4.27,0
2608,10/19/2022,20Yr,4.38,0
2609,10/20/2022,20Yr,4.47,0
2610,10/21/2022,20Yr,4.54,0
2611,10/24/2022,20Yr,4.59,0
2612,10/25/2022,20Yr,4.45,0
2613,10/26/2022,20Yr,4.38,0
2614,10/27/2022,20Yr,4.32,0
2615,10/28/2022,20Yr,4.38,0
2616,10/31/2022,20Yr,4.44,0
2617,11/01/2022,20Yr,4.37,0
2618,11/02/2022,20Yr,4.41,0
2619,11/03/2022,20Yr,4.42,0
2620,11/04/2022,20Yr,4.49,0
2621,11/07/2022,20Yr,4.55,0
2622,11/08/2022,20Yr,4.47,0
2623,11/09/2022,20Yr,4.5,0
2624,11/10/2022,20Yr,4.24,0
2625,11/14/2022,20Yr,4.28,0
2626,11/15/2022,20Yr,4.2,0
2627,11/16/2022,20Yr,4.03,0
2628,01/03/2022,30Yr,2.01,0
2629,01/04/2022,30Yr,2.07,0
2630,01/05/2022,30Yr,2.09,0
2631,01/06/2022,30Yr,2.09,0
2632,01/07/2022,30Yr,2.11,0
2633,01/10/2022,30Yr,2.11,0
2634,01/11/2022,30Yr,2.08,0
2635,01/12/2022,30Yr,2.08,0
2636,01/13/2022,30Yr,2.05,0
2637,01/14/2022,30Yr,2.12,0
2638,01/18/2022,30Yr,2.18,0
2639,01/19/2022,30Yr,2.14,0
2640,01/20/2022,30Yr,2.14,0
2641,01/21/2022,30Yr,2.07,0
2642,01/24/2022,30Yr,2.1,0
2643,01/25/2022,30Yr,2.12,0
2644,01/26/2022,30Yr,2.16,0
2645,01/27/2022,30Yr,2.09,0
2646,01/28/2022,30Yr,2.07,0
2647,01/31/2022,30Yr,2.11,0
2648,02/01/2022,30Yr,2.12,0
2649,02/02/2022,30Yr,2.11,0
2650,02/03/2022,30Yr,2.14,0
2651,02/04/2022,30Yr,2.23,0
2652,02/07/2022,30Yr,2.22,0
2653,02/08/2022,30Yr,2.25,0
2654,02/09/2022,30Yr,2.25,0
2655,02/10/2022,30Yr,2.3,0
2656,02/11/2022,30Yr,2.24,0
2657,02/14/2022,30Yr,2.29,0
2658,02/15/2022,30Yr,2.37,0
2659,02/16/2022,30Yr,2.34,0
2660,02/17/2022,30Yr,2.31,0
2661,02/18/2022,30Yr,2.24,0
2662,02/22/2022,30Yr,2.24,0
2663,02/23/2022,30Yr,2.29,0
2664,02/24/2022,30Yr,2.28,0
2665,02/25/2022,30Yr,2.29,0
2666,02/28/2022,30Yr,2.17,0
2667,03/01/2022,30Yr,2.11,0
2668,03/02/2022,30Yr,2.24,0
2669,03/03/2022,30Yr,2.24,0
2670,03/04/2022,30Yr,2.16,0
2671,03/07/2022,30Yr,2.19,0
2672,03/08/2022,30Yr,2.24,0
2673,03/09/2022,30Yr,2.29,0
2674,03/10/2022,30Yr,2.38,0
2675,03/11/2022,30Yr,2.36,0
2676,03/14/2022,30Yr,2.47,0
2677,03/15/2022,30Yr,2.49,0
2678,03/16/2022,30Yr,2.46,0
2679,03/17/2022,30Yr,2.5,0
2680,03/18/2022,30Yr,2.42,0
2681,03/21/2022,30Yr,2.55,0
2682,03/22/2022,30Yr,2.6,0
2683,03/23/2022,30Yr,2.52,0
2684,03/24/2022,30Yr,2.51,0
2685,03/25/2022,30Yr,2.6,0
2686,03/28/2022,30Yr,2.57,0
2687,03/29/2022,30Yr,2.53,0
2688,03/30/2022,30Yr,2.48,0
2689,03/31/2022,30Yr,2.44,0
2690,04/01/2022,30Yr,2.44,0
2691,04/04/2022,30Yr,2.48,0
2692,04/05/2022,30Yr,2.57,0
2693,04/06/2022,30Yr,2.63,0
2694,04/07/2022,30Yr,2.69,0
2695,04/08/2022,30Yr,2.76,0
2696,04/11/2022,30Yr,2.84,0
2697,04/12/2022,30Yr,2.82,0
2698,04/13/2022,30Yr,2.81,0
2699,04/14/2022,30Yr,2.92,0
2700,04/18/2022,30Yr,2.95,0
2701,04/19/2022,30Yr,3.01,0
2702,04/20/2022,30Yr,2.9,0
2703,04/21/2022,30Yr,2.94,0
2704,04/22/2022,30Yr,2.95,0
2705,04/25/2022,30Yr,2.88,0
2706,04/26/2022,30Yr,2.86,0
2707,04/27/2022,30Yr,2.91,0
2708,04/28/2022,30Yr,2.92,0
2709,04/29/2022,30Yr,2.96,0
2710,05/02/2022,30Yr,3.07,0
2711,05/03/2022,30Yr,3.03,0
2712,05/04/2022,30Yr,3.01,0
2713,05/05/2022,30Yr,3.15,0
2714,05/06/2022,30Yr,3.23,0
2715,05/09/2022,30Yr,3.19,0
2716,05/10/2022,30Yr,3.12,0
2717,05/11/2022,30Yr,3.05,0
2718,05/12/2022,30Yr,3.0,0
2719,05/13/2022,30Yr,3.1,0
2720,05/16/2022,30Yr,3.09,0
2721,05/17/2022,30Yr,3.17,0
2722,05/18/2022,30Yr,3.07,0
2723,05/19/2022,30Yr,3.05,0
2724,05/20/2022,30Yr,2.99,0
2725,05/23/2022,30Yr,3.08,0
2726,05/24/2022,30Yr,2.98,0
2727,05/25/2022,30Yr,2.97,0
2728,05/26/2022,30Yr,2.99,0
2729,05/27/2022,30Yr,2.97,0
2730,05/31/2022,30Yr,3.07,0
2731,06/01/2022,30Yr,3.09,0
2732,06/02/2022,30Yr,3.09,0
2733,06/03/2022,30Yr,3.11,0
2734,06/06/2022,30Yr,3.19,0
2735,06/07/2022,30Yr,3.13,0
2736,06/08/2022,30Yr,3.18,0
2737,06/09/2022,30Yr,3.18,0
2738,06/10/2022,30Yr,3.2,0
2739,06/13/2022,30Yr,3.42,0
2740,06/14/2022,30Yr,3.45,0
2741,06/15/2022,30Yr,3.39,0
2742,06/16/2022,30Yr,3.35,0
2743,06/17/2022,30Yr,3.3,0
2744,06/21/2022,30Yr,3.39,0
2745,06/22/2022,30Yr,3.25,0
2746,06/23/2022,30Yr,3.21,0
2747,06/24/2022,30Yr,3.26,0
2748,06/27/2022,30Yr,3.31,0
2749,06/28/2022,30Yr,3.3,0
2750,06/29/2022,30Yr,3.22,0
2751,06/30/2022,30Yr,3.14,0
2752,07/01/2022,30Yr,3.11,0
2753,07/05/2022,30Yr,3.05,0
2754,07/06/2022,30Yr,3.14,0
2755,07/07/2022,30Yr,3.2,0
2756,07/08/2022,30Yr,3.27,0
2757,07/11/2022,30Yr,3.18,0
2758,07/12/2022,30Yr,3.13,0
2759,07/13/2022,30Yr,3.08,0
2760,07/14/2022,30Yr,3.11,0
2761,07/15/2022,30Yr,3.1,0
2762,07/18/2022,30Yr,3.14,0
2763,07/19/2022,30Yr,3.17,0
2764,07/20/2022,30Yr,3.17,0
2765,07/21/2022,30Yr,3.08,0
2766,07/22/2022,30Yr,3.0,0
2767,07/25/2022,30Yr,3.04,0
2768,07/26/2022,30Yr,3.03,0
2769,07/27/2022,30Yr,3.03,0
2770,07/28/2022,30Yr,3.02,0
2771,07/29/2022,30Yr,3.0,0
2772,08/01/2022,30Yr,2.92,0
2773,08/02/2022,30Yr,3.0,0
2774,08/03/2022,30Yr,2.96,0
2775,08/04/2022,30Yr,2.97,0
2776,08/05/2022,30Yr,3.06,0
2777,08/08/2022,30Yr,3.0,0
2778,08/09/2022,30Yr,3.01,0
2779,08/10/2022,30Yr,3.04,0
2780,08/11/2022,30Yr,3.15,0
2781,08/12/2022,30Yr,3.12,0
2782,08/15/2022,30Yr,3.1,0
2783,08/16/2022,30Yr,3.11,0
2784,08/17/2022,30Yr,3.15,0
2785,08/18/2022,30Yr,3.14,0
2786,08/19/2022,30Yr,3.22,0
2787,08/22/2022,30Yr,3.24,0
2788,08/23/2022,30Yr,3.26,0
2789,08/24/2022,30Yr,3.32,0
2790,08/25/2022,30Yr,3.25,0
2791,08/26/2022,30Yr,3.21,0
2792,08/29/2022,30Yr,3.25,0
2793,08/30/2022,30Yr,3.23,0
2794,08/31/2022,30Yr,3.27,0
2795,09/01/2022,30Yr,3.37,0
2796,09/02/2022,30Yr,3.35,0
2797,09/06/2022,30Yr,3.49,0
2798,09/07/2022,30Yr,3.42,0
2799,09/08/2022,30Yr,3.45,0
2800,09/09/2022,30Yr,3.47,0
2801,09/12/2022,30Yr,3.53,0
2802,09/13/2022,30Yr,3.51,0
2803,09/14/2022,30Yr,3.47,0
2804,09/15/2022,30Yr,3.48,0
2805,09/16/2022,30Yr,3.52,0
2806,09/19/2022,30Yr,3.52,0
2807,09/20/2022,30Yr,3.59,0
2808,09/21/2022,30Yr,3.5,0
2809,09/22/2022,30Yr,3.65,0
2810,09/23/2022,30Yr,3.61,0
2811,09/26/2022,30Yr,3.72,0
2812,09/27/2022,30Yr,3.87,0
2813,09/28/2022,30Yr,3.7,0
2814,09/29/2022,30Yr,3.71,0
2815,09/30/2022,30Yr,3.79,0
2816,10/03/2022,30Yr,3.73,0
2817,10/04/2022,30Yr,3.7,0
2818,10/05/2022,30Yr,3.78,0
2819,10/06/2022,30Yr,3.81,0
2820,10/07/2022,30Yr,3.86,0
2821,10/11/2022,30Yr,3.92,0
2822,10/12/2022,30Yr,3.9,0
2823,10/13/2022,30Yr,3.97,0
2824,10/14/2022,30Yr,3.99,0
2825,10/17/2022,30Yr,4.04,0
2826,10/18/2022,30Yr,4.04,0
2827,10/19/2022,30Yr,4.15,0
2828,10/20/2022,30Yr,4.24,0
2829,10/21/2022,30Yr,4.33,0
2830,10/24/2022,30Yr,4.4,0
2831,10/25/2022,30Yr,4.26,0
2832,10/26/2022,30Yr,4.19,0
2833,10/27/2022,30Yr,4.12,0
2834,10/28/2022,30Yr,4.15,0
2835,10/31/2022,30Yr,4.22,0
2836,11/01/2022,30Yr,4.14,0
2837,11/02/2022,30Yr,4.15,0
2838,11/03/2022,30Yr,4.18,0
2839,11/04/2022,30Yr,4.27,0
2840,11/07/2022,30Yr,4.34,0
2841,11/08/2022,30Yr,4.28,0
2842,11/09/2022,30Yr,4.31,0
2843,11/10/2022,30Yr,4.03,0
2844,11/14/2022,30Yr,4.07,0
2845,11/15/2022,30Yr,3.98,0
2846,11/16/2022,30Yr,3.85,0
